term,total_count,document_frequency
game,110,90
play,88,88
new,82,82
not,73,73
but,69,57
go,67,67
see,63,63
get,62,56
microsoft,56,49
like,55,41
really,54,47
come,47,40
dead,43,43
no,42,42
time,42,42
first,41,41
guy,39,39
thanks,39,33
cannot,36,36
watch,35,35
unk,35,35
always,35,35
bad,34,28
fuck,34,27
red,34,34
pubg,34,27
let,29,28
look,28,28
well,28,21
one,28,22
think,28,28
use,27,27
doom,27,7
mean,27,27
favorite,27,27
take,27,27
league,27,27
great,27,27
good,27,27
happy,26,20
work,26,26
card,26,26
love,26,26
red dead,23,23
make,22,22
big,22,22
win,22,21
amazon,22,20
stop,21,21
oh,21,20
ps5,21,21
day,21,21
pls,21,14
finally,21,21
over,21,21
much,21,21
ban,21,14
tonight,21,20
google,21,20
hang,21,21
very,21,21
hope,21,21
worth,21,20
way,20,20
redemption,20,20
rhandlerr,20,7
even,20,20
something,20,20
people,20,20
call,20,20
still,20,20
super,20,20
overwatch,20,14
rank,20,13
best,20,20
absolutely,20,20
nothing,20,14
feel,20,20
old,20,20
wait,19,19
fun,19,19
reward,19,14
favorite game,19,19
release,19,19
wrong,19,19
doom doom,19,7
task,19,7
first time,18,18
look like,18,18
dead redemption,18,18
hope see,18,18
player,17,14
thank,16,15
playstation,16,16
live,16,16
late,15,14
co,15,7
extend,15,8
stream,15,15
team,15,15
music,15,13
leak,15,14
match,15,15
god,14,14
change,14,14
create,14,14
move,14,14
care,14,14
csgo,14,14
edge,14,14
do,14,14
ready,14,14
another,14,14
real,14,14
report,14,14
price,14,13
save,14,14
online,14,14
up,14,14
fix,14,7
order,14,14
state,14,14
soon,14,14
campaign,14,14
must,14,14
thing,14,14
issue,14,14
kill,14,14
miss,14,14
support,14,14
heart,14,14
rocket,14,14
less,14,14
fight,14,14
server,14,7
seriously,14,14
hot,14,14
fantastic,14,14
hey,14,14
silgryn,14,7
come hang,14,14
home,14,14
congratulation,14,14
pathetic,14,14
second,14,14
warcraft,14,14
say,14,14
pay,14,14
hero,14,13
forward,14,14
champion,14,14
episode,13,13
krieg,13,7
yet,13,13
rhandlerr rhandlerr,13,7
mission,13,13
battlefield,13,13
back,13,13
not watch,13,13
no longer,13,13
cannot wait,13,13
money,13,13
gold,13,7
add,13,13
hate,13,13
legends,13,13
high,13,13
hurt,13,13
constantly,13,13
longer,13,13
cool,13,13
expansion,13,7
person,13,7
community,13,13
family,13,13
sound,13,13
pls fix,13,7
character,13,13
follow,13,13
loot,13,13
oled,13,7
next,13,13
account,13,13
borderlands,13,13
mode,13,7
black,13,13
switch,13,13
hear,13,13
month,13,13
duty,12,12
excite,12,12
expensive,12,12
ever,12,12
core,12,7
sim,12,12
sniper,12,12
fix server,12,7
monday,12,12
thnks,12,7
low,12,12
need,12,12
oh fuck,12,12
rocket league,11,11
sell,11,11
attack,11,11
set,11,11
play overwatch,11,11
race,11,7
call duty,11,11
beautiful,11,11
league legends,11,11
twitch,10,9
johnson,10,5
soundtrack,9,9
hyped,9,5
attacked,9,9
ii,9,9
teach,9,9
life,9,9
story,8,8
princess,8,7
volunteer,8,7
facebook,8,8
act,8,8
lead,8,8
gimmick,8,8
part,8,8
suffer,8,8
young,8,8
lock,8,7
vibe,8,7
forever,8,8
bb,8,7
nigga,8,8
cost,8,8
emote,8,7
congrats,7,7
conclusion,7,7
paywall,7,7
perfect,7,7
paypal,7,7
fall,7,7
longer support,7,7
hell,7,7
horror aesthetic,7,7
extra day,7,7
extra,7,7
extend family,7,7
extend extend,7,7
exposure,7,7
everyone,7,7
liferun,7,7
liferun add,7,7
like even,7,7
section,7,7
content,7,7
like nothing,7,7
warcraft task,7,7
seem,7,7
exclusive,7,7
personally,7,7
phishing,7,7
phishing attack,7,7
phone,7,7
pick,7,7
rx,7,7
volunteer suffer,7,7
cool but,7,7
copper,7,7
school,7,7
every,7,7
exist,7,7
let see,7,7
always use,7,7
playstation oh,7,7
control,7,7
everybody make,7,7
scream,7,7
congratulation guy,7,7
connection,7,7
connection cat,7,7
wack,7,7
anxious,7,7
eu,7,7
wait let,7,7
huge,7,7
huge water,7,7
huhu,7,7
war,7,7
war campaign,7,7
rtx,7,7
rtx real,7,7
anywhere,7,7
pace,7,7
ozt 2x4ax20m,7,7
color,7,7
sftp,7,7
commission,7,7
artist,7,7
archaic,7,7
aram,7,7
walmart,7,7
lecturer,7,7
leave,7,7
learn character,7,7
look forward,7,7
cold war,7,7
cold,7,7
water,7,7
hi,7,7
since,7,7
single,7,7
finally pubg,7,7
ozt,7,7
song,7,7
song powerful,7,7
coat,7,7
follow hope,7,7
oven,7,7
over mvps,7,7
over see,7,7
clinin bout,7,7
co co,7,7
smash,7,7
society,7,7
first game,7,7
complaint,7,7
company,7,7
pause,7,7
fascism care,7,7
fascism,7,7
fantastic storyline,7,7
fantastic duo,7,7
selection,7,7
commentator jim,7,7
commentator,7,7
past,7,7
part extend,7,7
panel,7,7
painfully,7,7
fight deliberate,7,7
feature,7,7
feature fantastic,7,7
shitty,7,7
shitty rank,7,7
shot,7,7
shotz,7,7
showcased,7,7
side,7,7
seriously guy,7,7
co commentator,7,7
feel like,7,7
link,7,7
link promptly,7,7
vision,7,7
completely,7,7
completely go,7,7
series,7,7
side story,7,7
drop,7,7
react,7,7
psycho,7,7
ps5 get,7,7
ps5 but,7,7
duo,7,7
aboard,7,7
abandon move,7,7
abandon,7,7
jesse,7,7
dog,7,7
different,7,7
ea,7,7
dear,7,7
regard,7,7
place substantive,7,7
release year,7,7
remove,7,7
remove content,7,7
represent,7,7
election,7,7
due,7,7
due details,7,7
design stun,7,7
issue certificate,7,7
itch,7,7
jackson,7,7
kind,7,7
kitchen,7,7
act like,7,7
depot,7,7
design,7,7
dumb,7,7
dlvr,7,7
queer,7,7
reach,7,7
young up,7,7
8gb,7,7
dope,7,7
rank troller,7,7
rebranding,7,7
2x4ax20m,7,7
year,7,7
yes,7,7
yes thank,7,7
199d,7,7
zero cost,7,7
accelerator,7,7
4k,7,7
ray,7,7
details,7,7
device,7,7
redement,7,7
jon,7,7
jesus,7,7
real time,7,7
realize,7,7
youtu ozt,7,7
dp,7,7
dr,7,7
draw,7,7
pubg lover,7,7
pubg unban,7,7
3rd,7,7
xbca,7,7
jump,7,7
realize league,7,7
angle,7,7
warcraftpress,7,7
warcraftpress thanks,7,7
warzone,7,7
horror,7,7
zero,7,7
jeopardize,7,7
release date,7,7
less fortunate,7,7
let go,7,7
power,7,7
powerful,7,7
effective,7,7
enjoy,7,7
episode also,7,7
point,7,7
jeopardize user,7,7
every way,7,7
everybody,7,7
pistol,7,7
place,7,7
vinny,7,7
plan,7,7
cost gold,7,7
right,7,7
crappy,7,7
roll,7,7
row,7,7
reward next,7,7
player due,7,7
create anywhere,7,7
cross,7,7
rich,7,7
course,7,7
reputational,7,7
response,7,7
result,7,7
resurrect,7,7
poll gimmick,7,7
portfolio,7,7
emote ludicrous,7,7
pok,7,7
early day,7,7
princess maya,7,7
prize,7,7
probably,7,7
promptly,7,7
proud,7,7
decent,7,7
defender,7,7
early,7,7
pok mon,7,7
policy,7,7
poll,7,7
current,7,7
current state,7,7
data,7,7
date,7,7
day one,7,7
reward cancel,7,7
else,7,7
press,7,7
definitely,7,7
deliberate,7,7
rggbp,7,7
david,7,7
day avast,7,7
review,7,7
lr3awo xbca,7,7
lr3awo,7,7
woman,7,7
bloody,7,7
term,7,7
technology,7,7
team like,7,7
mon,7,7
moment,7,7
mode play,7,7
thing help,7,7
bitch,7,7
bioshock,7,7
brand,7,7
bout woman,7,7
solo,7,7
minecraft,7,7
woman not,7,7
wonder,7,7
add fortnite,7,7
imitator,7,7
immediately,7,7
learn,7,7
bout,7,7
tonight stream,7,7
too,7,7
guy obsess,7,7
maybe,7,7
unethical,7,7
unit,7,7
make money,7,7
bot,7,7
minecraft emote,7,7
girl,7,7
german,7,7
bring,7,7
bros,7,7
ball,7,7
ban battlefield,7,7
troller,7,7
lte,7,7
tweet,7,7
may,7,7
lover,7,7
new hero,7,7
new rebranding,7,7
nice,7,7
nice see,7,7
mvps reach,7,7
tryna,7,7
lucky,7,7
ludicrous,7,7
bros stars,7,7
buddy,7,7
taehyung,7,7
get bb,7,7
get bioshock,7,7
gimmick place,7,7
testing,7,7
give,7,7
give no,7,7
mostly,7,7
move forward,7,7
never,7,7
game kill,7,7
get reward,7,7
mvps,7,7
together,7,7
time unk,7,7
guy abandon,7,7
guest,7,7
halo,7,7
hacker,7,7
gye,7,7
maya,7,7
gotten,7,7
microsoft defender,7,7
mess,7,7
membership dlvr,7,7
didn completely,7,7
didn,7,7
youtu,7,7
microsoft edge,7,7
2am,7,7
jim,7,7
40gb,7,7
ready crappy,7,7
youtube,7,7
workers,7,7
workers another,7,7
hot dog,7,7
worth stock,7,7
inside,7,7
internet,7,7
la,7,7
dumb win,7,7
welcome,7,7
also,7,7
li,7,7
jon champion,7,7
grubber yet,7,7
membership,7,7
management,7,7
manufacturer,7,7
mario,7,7
mario bros,7,7
bad microsoft,7,7
tomorrow,7,7
good vibe,7,7
miss hot,7,7
big roll,7,7
gotten over,7,7
think 3rd,7,7
thnks pubg,7,7
beat,7,7
beat red,7,7
balance,7,7
bank,7,7
put,7,7
quarter,7,7
league call,7,7
aesthetic,7,7
almost,7,7
witness,7,7
grubber,7,7
mean dope,7,7
great see,7,7
beauty,7,7
believe,7,7
tight,7,7
till,7,7
till 2am,7,7
time hang,7,7
maybe later,7,7
south,7,7
offline,7,7
off,7,7
frank,7,7
change life,7,7
chance,7,7
champion co,7,7
certificate,7,7
hero cool,7,7
help,7,7
version,7,7
verizon too,7,7
verizon,7,7
o4jfck,7,7
nvidia,7,7
name,7,7
later come,7,7
addition,7,7
adore,7,7
adore heart,7,7
cash,7,7
cat,7,7
cat sftp,7,7
info,7,7
soothe,7,7
soul,7,7
word,7,7
work mostly,7,7
worker,7,7
acquire,7,7
acquisition,7,7
india,7,7
sony,7,7
finally beat,7,7
skillsharing,7,7
chillat,7,7
clinin,7,7
change look,7,7
force,7,7
forcibly,7,7
south extra,7,7
online csgo,7,7
ops,7,7
socket,7,7
dlc,7,7
cheap,7,7
child,7,7
ask,7,7
vibe come,7,7
forcibly resurrect,7,7
speed,7,7
stars,7,7
somehow,7,7
somehow come,7,7
cap,7,7
old west,7,7
formula,7,7
fight fascism,7,7
oled panel,7,7
loony,7,7
awkward,7,7
use work,7,7
user,7,7
attacked ibm,7,7
attenborough,7,7
avast,7,7
fortnite,7,7
front edge,7,7
front,7,7
free mean,7,7
lecturer nice,7,7
identity,7,7
id o4jfck,7,7
id,7,7
ibm,7,7
game time,7,7
game remove,7,7
suffer negative,7,7
substantive issue,7,7
substantive,7,7
stun 4k,7,7
stun,7,7
later,7,7
nasty,7,7
gameplay,7,7
build,7,7
but another,7,7
but every,7,7
garbage,7,7
gary,7,7
struggle,7,7
negative response,7,7
cable,7,7
no complaint,7,7
no plan,7,7
fun thanks,7,7
furious,7,7
fustercluck,7,7
game mode,7,6
negative,7,7
unban,7,7
although,7,7
always save,7,7
west,7,7
win design,7,7
obsess,7,7
fortunate,7,7
fuck off,7,7
franchise change,7,7
nothing think,7,7
nothing wrong,7,7
can,7,7
cancel,7,7
cancel amazon,7,7
start,7,7
laptop,7,7
franchise,7,7
night,7,7
storyline,7,7
strange,7,7
buy,7,7
buy almost,7,7
buyin,7,7
buying,7,7
twitch watch,7,7
camera,7,7
campaign something,7,7
stock,7,7
stop clinin,7,7
not google,7,7
free,7,7
luxury,7,7
lyric,7,7
not buyin,7,7
job,6,6
joke,6,6
kill game,6,6
kingdom,6,6
kingdom heart,6,6
world,6,6
worth cannot,6,6
would,6,6
would need,6,6
wow,6,6
wrong keep,6,6
put username,6,6
quarter report,6,6
rdr,6,6
reach kill,6,6
disconnect,6,6
dlc youtube,6,6
dey,6,6
dey fuck,6,6
race always,6,6
dual accelerator,6,6
ps5 sound,6,6
psycho krieg,6,6
pubg community,6,6
direction,6,6
disappointed,6,6
ready microsoft,6,6
really disappointed,6,6
dr rggbp,6,6
know,6,6
inside portfolio,6,6
krieg solo,6,6
addition aboard,6,6
aero,6,6
word point,6,6
worker race,6,6
lawrence,6,6
ea loot,6,6
prize la,6,6
probably first,6,6
promptly youtu,6,6
proud grateful,6,6
really ghost,6,6
really seem,6,6
really tryna,6,6
destructive,6,6
detail,6,6
details ban,6,6
device no,6,6
dual,6,6
india bad,6,6
industry,6,6
information,6,6
information microsoft,6,6
insane,6,6
insane rhandlerr,6,6
lead move,6,6
windows,6,6
windows phone,6,6
aesthetic mean,6,6
almost million,6,6
already,6,6
wonder sony,6,6
wonderfully,6,6
pretty,6,6
price data,6,6
price new,6,6
prime,6,6
prime membership,6,6
duty hate,6,6
definitely worth,6,6
deliberate control,6,6
relatively,6,6
dead but,6,6
end,6,6
possibly,6,6
effective soon,6,6
decent bot,6,6
reno,6,6
reno jackson,6,6
report say,6,6
represent big,6,6
powerful lyric,6,6
policy pathetic,6,6
resurrect nasty,6,6
daily,6,6
damage,6,6
damage create,6,6
data early,6,6
rf21jg,6,6
date leak,6,6
day game,6,6
reputation,6,6
reputational damage,6,6
portfolio acquire,6,6
embarrassing,6,6
leak dr,6,6
leak wonder,6,6
i7,6,6
although always,6,6
always lead,6,6
welcome guest,6,6
well bad,6,6
win acquisition,6,6
play red,6,6
eu commission,6,6
play since,6,6
play wow,6,6
player go,6,6
cross society,6,6
csgo account,6,6
csgo pls,6,6
rich game,6,6
enough,6,6
legends champion,6,6
less proud,6,6
watch finally,6,6
watch id,6,6
amd,6,6
watch shotz,6,6
water leak,6,6
already copper,6,6
also buy,6,6
pick rocket,6,6
pistol player,6,6
couple,6,6
course always,6,6
crappy game,6,6
play league,6,6
play let,6,6
let start,6,6
li warcraftpress,6,6
home create,6,6
home depot,6,6
walmart gave,6,6
warcraft press,6,6
angle play,6,6
another dp,6,6
another good,6,6
like act,6,6
like black,6,6
exactly,6,6
exactly free,6,6
personally pretty,6,6
phone dead,6,6
even bad,6,6
copper shitty,6,6
rx dual,6,6
sale,6,6
save power,6,6
scandal,6,6
even report,6,6
ever play,6,6
ever showcased,6,6
expensive forgotten,6,6
perform,6,6
perform psycho,6,6
person always,6,6
scump,6,6
constantly fight,6,6
content still,6,6
second half,6,6
section mission,6,6
everyone get,6,6
everywhere,6,6
everywhere old,6,6
see people,6,6
see rtx,6,6
seem awkward,6,6
selection look,6,6
exit,6,6
like campaign,6,6
anywhere laptop,6,6
wait seriously,6,6
walk,6,6
aram cannot,6,6
very effective,6,6
very soothe,6,6
vikatan,6,6
pathetic embarrassing,6,6
pause god,6,6
pax,6,6
pax south,6,6
sell device,6,6
company inside,6,6
complaint definitely,6,6
series no,6,6
server rank,6,6
pay 1gig,6,6
exposure young,6,6
paypal ps5,6,6
peep,6,6
hey guy,6,6
hi everyone,6,6
high chance,6,6
ho,6,6
longer play,6,6
hell sound,6,6
hello,6,6
user information,6,6
username,6,6
va,6,6
painfully expensive,6,6
panel color,6,6
paper,6,6
paper li,6,6
server thanks,6,6
service,6,6
set frank,6,6
sftp 40gb,6,6
shenanigan,6,6
family skillsharing,6,6
simp,6,6
since day,6,6
firewall,6,6
overwatch good,6,6
color front,6,6
come artist,6,6
shot take,6,6
feel care,6,6
help cap,6,6
hero save,6,6
loot balance,6,6
loot buying,6,6
headline,6,6
unk go,6,6
unk scream,6,6
award,6,6
up game,6,6
up new,6,6
update,6,6
first person,6,6
skillsharing fight,6,6
slack,6,6
click,6,6
sniper prize,6,6
coach,6,6
collection,6,6
silgryn miss,6,6
silgryn still,6,6
update zero,6,6
use microsoft,6,6
headline course,6,6
hear furious,6,6
hear jesus,6,6
heart soul,6,6
heart super,6,6
love game,6,6
lte 8gb,6,6
lubricate,6,6
lucky enough,6,6
ludicrous very,6,6
force archaic,6,6
forgot,6,6
forgot issue,6,6
open,6,6
order didn,6,6
society worker,6,6
solo feature,6,6
character aram,6,6
first ever,6,6
forgotten,6,6
fortnite very,6,6
one feel,6,6
one strange,6,6
champion get,6,6
chance yasuo,6,6
channel,6,6
carrier,6,6
carrier vision,6,6
carry,6,6
carry team,6,6
lunerian,6,6
lunerian silgryn,6,6
luxury lte,6,6
lyric people,6,6
mainstream,6,6
uh,6,6
back feel,6,6
bad gameplay,6,6
unethical sell,6,6
unit would,6,6
university,6,6
university lecturer,6,6
card low,6,6
card old,6,6
speed drop,6,6
spin,6,6
sport,6,6
sport finally,6,6
stand,6,6
cash grab,6,6
ccr,6,6
sony react,6,6
soon first,6,6
sound chillat,6,6
sound dumb,6,6
fuck unit,6,6
nothing microsoft,6,6
can everywhere,6,6
start else,6,6
forward play,6,6
forward successful,6,6
obsess girl,6,6
cap anxious,6,6
happy franchise,6,6
match get,6,6
balance karakin,6,6
ball carrier,6,6
bang,6,6
tryna play,6,6
tweet really,6,6
may no,6,6
maya perform,6,6
no cash,6,6
no work,6,6
not go,6,6
call liferun,6,6
camera angle,6,6
campaign unk,6,6
still dear,6,6
still lock,6,6
stock moment,6,6
stop stream,6,6
frank lawrence,6,6
game ever,6,6
new order,6,6
new update,6,6
next election,6,6
next task,6,6
nigga really,6,6
niggas,6,6
story game,6,6
buyin ps5,6,6
buying scandal,6,6
strange thing,6,6
stream play,6,6
stream tonight,6,6
gye thnks,6,6
half,6,6
guy episode,6,6
guy finally,6,6
together teach,6,6
bank garbage,6,6
tonight great,6,6
trace,6,6
mbit,6,6
success,6,6
successful,6,6
successful side,6,6
new borderlands,6,6
new game,6,6
new minecraft,6,6
new online,6,6
game camera,6,6
game carry,6,6
surround,6,6
garbage can,6,6
gave,6,6
nerd,6,6
never hear,6,6
but silgryn,6,6
mean insane,6,6
great time,6,6
green,6,6
tight socket,6,6
time eu,6,6
time month,6,6
time ray,6,6
member,6,6
mess seriously,6,6
government,6,6
best decent,6,6
best game,6,6
think nothing,6,6
think unethical,6,6
think unk,6,6
three,6,6
grab,6,6
german version,6,6
get disconnect,6,6
name horror,6,6
nasty series,6,6
super fun,6,6
super mario,6,6
build new,6,6
bum,6,6
bum first,6,6
but great,6,6
get smash,6,6
ghost,6,6
ghost real,6,6
girl get,6,6
much may,6,6
gave workers,6,6
buddy vinny,6,6
bug,6,6
symptom,6,6
taehyung hate,6,6
grateful,6,6
microsoft fall,6,6
microsoft forcibly,6,6
microsoft luxury,6,6
microsoft word,6,6
million,6,6
god use,6,6
gold hero,6,6
good give,6,6
good reward,6,6
go mean,6,6
go poll,6,6
move dead,6,6
take yesterday,6,6
talk,6,6
talk queer,6,6
bot sniper,6,6
task must,6,6
teach child,6,6
google amazon,6,6
big one,6,6
bioshock collection,6,6
bit,6,6
thanks stop,6,6
thing red,6,6
mistake,6,6
mmr,6,6
mmr go,6,6
go school,6,6
molasses,6,6
monday tonight,6,6
tell,6,6
term reputation,6,6
testing do,6,6
thank much,6,6
thanks follow,6,6
1gig,6,6
june,6,6
karakin,6,6
yasuo,6,6
aboard represent,6,6
40gb cable,6,6
4k oled,6,6
karakin personally,6,6
keep,6,6
doom forever,6,6
rank match,6,6
rarely,6,6
zeus,6,6
2am maybe,6,6
3rd person,6,6
jesse krieg,6,6
yasuo fuck,6,6
yeah,6,6
yesterday,6,6
1gig sim,5,5
yet best,5,5
dlvr rf21jg,5,5
different mission,5,5
do task,5,5
dog stand,5,5
provide,5,5
direction but,5,5
disappoint,5,5
real not,5,5
really bum,5,5
dp somehow,5,5
draw lunerian,5,5
kitchen oven,5,5
internet speed,5,5
krieg music,5,5
late but,5,5
late warcraft,5,5
go get,5,5
go high,5,5
go overwatch,5,5
borderlands jesse,5,5
task formula,5,5
get ps5,5,5
mislead,5,5
miss much,5,5
mission excite,5,5
big imitator,5,5
biggest,5,5
biggest gold,5,5
bit late,5,5
bitch not,5,5
mistake think,5,5
moment pay,5,5
gaming,5,5
gaming term,5,5
super mislead,5,5
get work,5,5
must do,5,5
surround detail,5,5
bring exposure,5,5
symptom something,5,5
take but,5,5
grab cheap,5,5
grateful part,5,5
microsoft forgot,5,5
million worth,5,5
gold grubber,5,5
good coach,5,5
month congrats,5,5
mean price,5,5
great night,5,5
beautiful song,5,5
behind,5,5
behind paywall,5,5
believe see,5,5
time thanks,5,5
meets,5,5
meets princess,5,5
member come,5,5
google name,5,5
best pistol,5,5
three month,5,5
take money,5,5
get harder,5,5
must new,5,5
new come,5,5
new expansion,5,5
new microsoft,5,5
game addition,5,5
support manufacturer,5,5
support next,5,5
gary johnson,5,5
need build,5,5
nerd tweet,5,5
struggle enjoy,5,5
but happy,5,5
but let,5,5
but make,5,5
but order,5,5
mbit pay,5,5
mean hot,5,5
not exactly,5,5
not first,5,5
stop rank,5,5
game get,5,5
niggas stop,5,5
cable 199d,5,5
half not,5,5
guest battlefield,5,5
tomorrow red,5,5
battlefield hacker,5,5
too expensive,5,5
guy second,5,5
guy tomorrow,5,5
game play,5,5
game race,5,5
game reno,5,5
not work,5,5
stars probably,5,5
cannot hope,5,5
cannot pick,5,5
state pubg,5,5
step,5,5
nvidia core,5,5
happy happy,5,5
make mistake,5,5
management run,5,5
manufacturer windows,5,5
bad joke,5,5
ban pubg,5,5
try,5,5
streaming,5,5
furious love,5,5
channel watch,5,5
cheap way,5,5
something big,5,5
old god,5,5
forgotten reputational,5,5
formula very,5,5
ccr new,5,5
care sport,5,5
harder,5,5
back but,5,5
unban ho,5,5
happy change,5,5
card service,5,5
soundtrack selection,5,5
oh yeah,5,5
fuck realize,5,5
awkward leave,5,5
oven i7,5,5
click link,5,5
smash relatively,5,5
sniper section,5,5
coach job,5,5
coat pace,5,5
sim card,5,5
love veridia,5,5
low pls,5,5
low review,5,5
lubricate tight,5,5
online bank,5,5
follow less,5,5
ops over,5,5
order soundtrack,5,5
come together,5,5
come watch,5,5
commission take,5,5
service testing,5,5
finally new,5,5
find,5,5
find perfect,5,5
overwatch bad,5,5
favorite expansion,5,5
come back,5,5
come monday,5,5
showcased pax,5,5
veridia,5,5
veridia amazon,5,5
hello jon,5,5
average,5,5
anxious feel,5,5
walk india,5,5
archaic spin,5,5
ask episode,5,5
version lr3awo,5,5
past three,5,5
community regard,5,5
seriously play,5,5
vinny bad,5,5
live character,5,5
high end,5,5
attenborough university,5,5
va oled,5,5
vc,5,5
feel right,5,5
fall microsoft,5,5
constantly struggle,5,5
second company,5,5
peep ball,5,5
see but,5,5
conclusion result,5,5
confirm,5,5
confirm identity,5,5
congrats team,5,5
see ccr,5,5
see guy,5,5
people jump,5,5
exclusive playstation,5,5
expansion look,5,5
like need,5,5
vision hurt,5,5
wack info,5,5
roll everybody,5,5
row over,5,5
run,5,5
run worth,5,5
play rdr,5,5
play really,5,5
let switch,5,5
hurt success,5,5
watch buddy,5,5
life but,5,5
like call,5,5
control molasses,5,5
save live,5,5
say well,5,5
expensive not,5,5
person think,5,5
play super,5,5
playing,5,5
right world,5,5
core nvidia,5,5
pls stop,5,5
enough david,5,5
win match,5,5
ibm amd,5,5
identity bitch,5,5
legends learn,5,5
amazon prime,5,5
way excite,5,5
way painfully,5,5
plan direction,5,5
play card,5,5
couple shot,5,5
possibly jeopardize,5,5
edge beauty,5,5
release rx,5,5
report wrong,5,5
else hyped,5,5
david attenborough,5,5
reputation no,5,5
response johnson,5,5
ii wonderfully,5,5
imitator brand,5,5
immediately play,5,5
leave game,5,5
i7 core,5,5
always people,5,5
well kind,5,5
well nothing,5,5
aero va,5,5
work home,5,5
account really,5,5
dead redement,5,5
really low,5,5
red green,5,5
lawrence back,5,5
wonderfully rich,5,5
press daily,5,5
pretty happy,5,5
duty warzone,5,5
defender well,5,5
redemption ii,5,5
regard loot,5,5
end management,5,5
ports,5,5
yeah although,5,5
jesus follow,5,5
jim dey,5,5
156gb,5,5
job yes,5,5
johnson gary,5,5
keep sell,5,5
kill fantastic,5,5
issue policy,5,5
itch draw,5,5
world warcraft,5,5
wow but,5,5
wrong german,5,5
puzzling,5,5
queer family,5,5
disconnect already,5,5
mon go,5,5
tell hey,5,5
bloody hell,5,5
thanks halo,5,5
money force,5,5
joke rocket,5,5
jump conclusion,5,5
absolutely adore,5,5
absolutely get,5,5
absolutely pathetic,5,5
accelerator card,5,5
8gb single,5,5
rank up,5,5
rarely less,5,5
ray trace,5,5
jackson use,5,5
disappoint not,4,4
play like,4,4
thnks thnks,4,4
gameplay even,4,4
match row,4,4
much love,4,4
much member,4,4
use new,4,4
music meets,4,4
thanks verizon,4,4
congratulation good,4,4
lend even,4,4
lend,4,4
use phishing,4,4
watch yet,4,4
tire,4,4
hype,4,2
card tonight,4,4
scream hello,4,4
huh,4,4
really fun,4,4
halo cannot,4,4
provide paypal,4,4
cannot see,4,4
add really,4,4
thank play,4,4
care community,4,4
perfect set,4,4
really tire,4,4
league kingdom,4,4
very destructive,4,4
need lubricate,4,4
detail go,4,4
soundtracks,4,4
sale possibly,4,4
hyped cold,4,4
love sniper,4,4
spin release,4,4
love take,4,4
duo fustercluck,4,4
cool tell,4,4
destructive industry,4,4
hey internet,4,4
sell wack,4,4
loony slack,4,4
warzone streaming,4,4
god favorite,4,4
troller mmr,4,4
mislead headline,4,4
bad firewall,4,4
mission cool,4,4
something cannot,4,4
lock behind,4,4
collection soon,4,4
uh huh,4,4
sim black,4,4
live twitch,4,4
edge kitchen,4,4
do wired,4,4
simp loony,4,4
wait get,4,4
great way,4,4
award win,4,4
something go,4,4
get new,4,4
used,4,4
ports switch,4,4
battlefield player,4,4
money provide,4,4
month still,4,4
go hurt,4,4
like add,4,4
go really,4,4
playstation release,4,4
trace technology,4,4
amazon music,4,4
molasses coat,4,4
character different,4,4
ho gye,4,4
pubg taehyung,4,4
monday witness,4,4
child not,4,4
episode not,4,4
amazon big,4,4
used say,4,4
june quarter,4,4
take step,4,4
offline online,4,4
username confirm,4,4
core no,4,4
switch open,4,4
switch good,4,4
happy monday,4,4
redemption shenanigan,4,4
driving facebook,4,4
vikatan walk,4,4
riddled mess,4,4
hang fun,4,4
acquire past,4,4
borderlands ports,4,4
attack june,4,4
not exist,4,4
store,4,4
worth vc,4,4
driving,4,4
green cross,4,4
hang play,4,4
streaming till,4,4
one favorite,4,4
yesterday play,4,4
over 156gb,4,4
yet click,4,4
drive,4,4
create ea,4,4
mainstream game,4,4
overwatch hope,4,4
156gb absolutely,4,4
old guy,4,4
youtube channel,4,4
daily paper,4,4
rf21jg unk,4,4
pace cannot,4,4
storyline constantly,4,4
reward reward,4,4
brand use,4,4
oled award,4,4
bug riddled,4,4
state must,4,4
work account,4,4
fun always,4,4
fun card,4,4
still bug,4,4
hate game,4,4
riddled,4,4
drop mbit,4,4
team win,4,4
game constantly,4,4
people hear,4,4
wired,4,4
wired connection,4,4
black ops,4,4
people come,4,4
stand home,4,4
witness talk,4,4
game soundtracks,4,4
kind puzzling,4,4
fustercluck dlc,4,4
technology lend,4,4
not think,4,4
attack state,4,4
harder huhu,4,4
exit bang,3,3
but sale,3,3
single sim,3,3
try first,3,3
industry gaming,3,3
go wrong,3,3
race mode,3,3
set zeus,3,3
enjoy surround,3,3
even mainstream,3,3
really tired,3,3
way bring,3,3
tire drive,3,3
tired driving,3,3
tired,3,3
scump simp,3,3
drive facebook,3,3
riddle,3,3
hacker know,3,3
but absolutely,3,3
lent,3,3
wire,3,3
disappointed one,3,3
use say,3,3
relatively high,3,3
well disappoint,3,3
fortunate attack,3,3
avast average,3,3
task go,3,3
bi5qyqfatb,3,3
rdr first,3,3
make put,3,3
taught,3,3
not play,3,3
mode call,3,3
angstrom,3,3
soundtracks doom,3,3
redemption store,3,3
community great,3,3
ace,3,3
government ban,3,3
mostly old,3,3
average used,2,2
guest hacker,2,2
else hype,2,2
attack quarter,2,2
guys,2,2
single black,2,2
average use,2,2
untimely,2,2
avast used,2,2
guys tomorrow,2,2
cannot get,2,2
big grubber,2,2
bitch put,2,2
new over,2,2
callofduty,2,2
call warzone,2,2
taught offline,2,2
teach offline,2,2
technology lent,2,2
store playstation,2,2
not really,2,2
archaic release,2,2
found,2,2
stimulate,2,2
brand phishing,2,2
fortunate attacked,2,2
stream till,2,2
sway,2,2
org vol,2,2
osg,2,2
swarm,2,2
but dead,2,2
org,2,2
occident,2,1
unity,2,2
embody,2,2
axerophthol,2,2
clip,2,2
tv,2,2
tv twitch,2,2
cheap painfully,2,2
player player,2,2
molasses pace,2,2
ban government,2,2
certificate theverge,2,2
soundtrack doom,2,2
escort,2,2
something wrong,2,2
ghostrecon,2,2
believe but,2,2
music princess,2,2
today,2,2
play but,2,2
personify,2,2
spirit,2,2
thevaccinereaction,2,2
game soundtrack,2,2
theverge,2,2
battlefield kbb,2,2
amazon imitator,2,2
rainbow 6game,2,2
johnson thevaccinereaction,2,2
demintele,2,2
like build,2,2
jump people,2,2
look expansion,2,2
warzone stream,2,2
kbb player,2,2
absolutely new,2,2
vol,2,2
dlvr unk,2,2
say nothing,2,2
disappointing play,2,2
disappointing,2,2
kbb,2,2
save life,2,2
win row,2,2
immediately overwatch,2,2
like really,2,2
selling,2,2
anxious right,2,2
redement offline,2,2
industry game,2,2
lock paywall,2,2
rainbow,2,2
iodine,2,2
dog home,2,2
redement teach,2,2
worth good,2,2
riddle mess,2,2
appendage,2,2
see cannot,2,2
dead absolutely,2,2
ran,2,2
right warcraft,2,2
see guys,2,2
worth much,2,2
amd release,2,2
amd rx,2,2
commencement,2,2
red cross,2,2
along,2,2
create way,2,2
constitute,2,2
vc much,2,2
ray technology,2,2
real exist,2,2
6game,2,2
well disappointing,2,2
way ea,2,2
scream jon,2,2
vikatan india,2,2
hard huhu,2,2
hard,2,2
response gary,2,2
demintele sway,2,2
yesterday playing,2,2
spirit playing,1,1
stake,1,1
sale gimmick,1,1
spin make,1,1
spirit happy,1,1
still behind,1,1
control finally,1,1
control coat,1,1
cable verizonfios,1,1
scump slack,1,1
rx accelerator,1,1
row new,1,1
sale manufacturer,1,1
call play,1,1
row match,1,1
roughly young,1,1
roughly,1,1
copper low,1,1
spin serial,1,1
callofduty absolutely,1,1
callofduty gotten,1,1
care witness,1,1
care finally,1,1
saquon,1,1
soundtrack favorite,1,1
care fare,1,1
saquon ball,1,1
soundtrack unk,1,1
sandbag win,1,1
sandbag,1,1
cannot posterior,1,1
cannot legends,1,1
salutary la,1,1
cannot kingdom,1,1
salutary,1,1
soundtracks forever,1,1
cash cheap,1,1
speed angstrom,1,1
cannot cold,1,1
can old,1,1
stars hotshot,1,1
say use,1,1
school not,1,1
spicy,1,1
scoop,1,1
stand depot,1,1
course whatever,1,1
stand ace,1,1
stake reno,1,1
roll enceinte,1,1
spicy hot,1,1
roll personify,1,1
cannot first,1,1
but one,1,1
crappy make,1,1
rhandlerr beggarly,1,1
rhandlerr 30llzt6egr,1,1
but sim,1,1
rf21jg good,1,1
but soul,1,1
but spin,1,1
story camera,1,1
start hype,1,1
storyline fight,1,1
storyline mo,1,1
storyline wait,1,1
strange offline,1,1
review release,1,1
but spirit,1,1
resurrect series,1,1
but still,1,1
cost lr3awo,1,1
reward very,1,1
but 8gb,1,1
bury term,1,1
dead axerophthol,1,1
but blacken,1,1
cross character,1,1
but franchise,1,1
super misleading,1,1
super probably,1,1
streaming bad,1,1
but nasty,1,1
critique,1,1
struggle forth,1,1
struggle surround,1,1
substantiate,1,1
but instant,1,1
but jeopardize,1,1
but mainstream,1,1
but mettlesome,1,1
but moment,1,1
create constitute,1,1
critique release,1,1
riddle month,1,1
stop tonight,1,1
stop up,1,1
store marxist,1,1
rich wait,1,1
cu,1,1
story big,1,1
stars super,1,1
casual,1,1
buyback,1,1
state hear,1,1
cool sniper,1,1
cool mission,1,1
state iodin,1,1
cooky pick,1,1
cooky,1,1
state new,1,1
state regard,1,1
convey mainstream,1,1
convey,1,1
state happy,1,1
buyback redemption,1,1
buyin sound,1,1
bwungus,1,1
bwungus let,1,1
cable internet,1,1
stream league,1,1
camera yard,1,1
campaign selection,1,1
still missy,1,1
stop ranking,1,1
still riddle,1,1
core coloration,1,1
still vacate,1,1
core color,1,1
rocket visualise,1,1
rocket kingdom,1,1
rocket cannot,1,1
stimulate mmr,1,1
stimulate pathetic,1,1
stock order,1,1
core i7,1,1
single much,1,1
come defective,1,1
complaint switch,1,1
come let,1,1
come much,1,1
compeer bloody,1,1
compeer,1,1
ship,1,1
comparatively realize,1,1
congratulation play,1,1
ship row,1,1
shoddy,1,1
company old,1,1
community night,1,1
serial,1,1
shoddy headline,1,1
shot always,1,1
showcased south,1,1
showcased write,1,1
comparatively,1,1
clump hurt,1,1
smash high,1,1
collection along,1,1
see monday,1,1
see hope,1,1
silgryn but,1,1
silgryn frolic,1,1
see hear,1,1
sim cable,1,1
single entropy,1,1
sim wire,1,1
similar,1,1
similar tryna,1,1
simp scump,1,1
see determine,1,1
congratulation extolment,1,1
simp slacked,1,1
comprise well,1,1
comprise,1,1
sim sale,1,1
sf fight,1,1
sftp sim,1,1
come witness,1,1
shenanigan red,1,1
shenanigan time,1,1
server pls,1,1
server fix,1,1
color no,1,1
serve anxious,1,1
sentry live,1,1
coloration nvidia,1,1
come bad,1,1
serve,1,1
come bestow,1,1
come but,1,1
seriously rdr,1,1
serial release,1,1
series microsoft,1,1
seriously commencement,1,1
coloration,1,1
co dey,1,1
sentry,1,1
sentence sustain,1,1
sentence,1,1
semirijha super,1,1
coach yes,1,1
semirijha,1,1
coaching,1,1
community come,1,1
sf,1,1
coat fantastic,1,1
coat molasses,1,1
community appendage,1,1
community loot,1,1
service wire,1,1
commission first,1,1
set incur,1,1
commencement play,1,1
commencement game,1,1
setting,1,1
coaching job,1,1
something get,1,1
scorecard,1,1
something live,1,1
congratulation coach,1,1
congrats win,1,1
something symptom,1,1
something wait,1,1
congrats swiftstack,1,1
confuse kind,1,1
clump,1,1
confuse,1,1
someway really,1,1
ccr ops,1,1
conference maybe,1,1
conference,1,1
champion high,1,1
chance fuck,1,1
channel borderlands,1,1
care night,1,1
someway,1,1
casual late,1,1
content lock,1,1
sony wonder,1,1
soon call,1,1
soon switch,1,1
sort,1,1
constitute ea,1,1
constitute although,1,1
sort puzzling,1,1
scorecard internet,1,1
constantly hurt,1,1
cap serve,1,1
constantly first,1,1
scump loony,1,1
card add,1,1
scream unk,1,1
card connection,1,1
card playing,1,1
card testing,1,1
sound john,1,1
sell like,1,1
something angstrom,1,1
selection back,1,1
skillsharing borderlands,1,1
slacked,1,1
seem enjoy,1,1
see together,1,1
slacked loony,1,1
see set,1,1
care somehow,1,1
slow simp,1,1
child wa,1,1
see play,1,1
chitter,1,1
chitter horror,1,1
see new,1,1
click possess,1,1
clip fun,1,1
clip rocket,1,1
slow,1,1
smash oh,1,1
sniper cool,1,1
society different,1,1
socket tight,1,1
solo music,1,1
character bequeath,1,1
conclusion jump,1,1
see bring,1,1
see believe,1,1
selling wack,1,1
character worker,1,1
section sniper,1,1
second take,1,1
cheep,1,1
cheep peep,1,1
second not,1,1
child school,1,1
second acquisition,1,1
child teach,1,1
scump slow,1,1
character personify,1,1
anyplace,1,1
anyplace kitchen,1,1
anywhere base,1,1
ape,1,1
ape report,1,1
appendage great,1,1
appendage phallus,1,1
approximately,1,1
wait definitely,1,1
vinny come,1,1
vinny streaming,1,1
virginia,1,1
csgo stop,1,1
virtually,1,1
virtually family,1,1
vision clump,1,1
visualise,1,1
visualise league,1,1
void,1,1
void bwungus,1,1
volunteer org,1,1
wa,1,1
wa not,1,1
wack act,1,1
assure,1,1
virginia oled,1,1
watch hey,1,1
watch jesse,1,1
watch joke,1,1
amazon actor,1,1
amazon album,1,1
amazon amazon,1,1
amazon hefty,1,1
amazon membership,1,1
amazon story,1,1
walk bad,1,1
walmart workers,1,1
warcraft late,1,1
antediluvian force,1,1
ane talk,1,1
angle lead,1,1
angstrom big,1,1
angstrom drop,1,1
angstrom swarm,1,1
another care,1,1
another unk,1,1
answer,1,1
answer love,1,1
wack selling,1,1
wait constantly,1,1
antediluvian,1,1
ane,1,1
username invest,1,1
va kitchen,1,1
attack inwards,1,1
attacked must,1,1
attacked state,1,1
attenborough lecturer,1,1
attenborough not,1,1
attend,1,1
attend even,1,1
away,1,1
away playstation,1,1
untimely something,1,1
assure cannot,1,1
up way,1,1
updated,1,1
updated zero,1,1
us,1,1
us microsoft,1,1
use fighter,1,1
use june,1,1
use updated,1,1
unquiet,1,1
unquiet very,1,1
unsound,1,1
unsound immediately,1,1
up get,1,1
version german,1,1
very industry,1,1
very mode,1,1
very new,1,1
very really,1,1
very reward,1,1
vex,1,1
vex really,1,1
vibe play,1,1
video,1,1
video play,1,1
vacate,1,1
username identity,1,1
vc ask,1,1
vc single,1,1
vc worth,1,1
verizonfios,1,1
verizonfios 199d,1,1
version cost,1,1
approximately thanks,1,1
aram hope,1,1
argoshelpers,1,1
argoshelpers paypal,1,1
ask game,1,1
ask love,1,1
user microsoft,1,1
vacate bug,1,1
acquire hombre,1,1
acquire month,1,1
acquire oh,1,1
act must,1,1
actor,1,1
world get,1,1
wow silgryn,1,1
write,1,1
write pax,1,1
wrong go,1,1
wrong lr3awo,1,1
adenine,1,1
watch gameplay,1,1
aero award,1,1
wonk,1,1
wonk foil,1,1
work create,1,1
work get,1,1
work hi,1,1
work not,1,1
work verizon,1,1
worker mission,1,1
account work,1,1
ace home,1,1
ace mean,1,1
adenine high,1,1
6game already,1,1
6game pls,1,1
8gb black,1,1
8gb sale,1,1
yeah constitute,1,1
yet guy,1,1
yet hero,1,1
yet link,1,1
1gig 40gb,1,1
zeus perfect,1,1
1nwftyvxex,1,1
xiv,1,1
ace surround,1,1
xxix,1,1
xxix card,1,1
yard,1,1
yard angle,1,1
aboard but,1,1
absolutely 156gb,1,1
absolutely perfectly,1,1
absolutely stimulate,1,1
accelerator lower,1,1
accelerator xxix,1,1
account everyone,1,1
40gb card,1,1
xiv not,1,1
welcome know,1,1
well bid,1,1
well confuse,1,1
well early,1,1
well play,1,1
well price,1,1
well puzzle,1,1
wet,1,1
whatever,1,1
whatever always,1,1
win company,1,1
amd critique,1,1
along efc,1,1
watch twitch,1,1
water leakage,1,1
way come,1,1
way exposure,1,1
way young,1,1
also much,1,1
although cultivate,1,1
always conclusion,1,1
always jump,1,1
warzone till,1,1
watch click,1,1
watch control,1,1
watch poise,1,1
along soon,1,1
wire service,1,1
witness ane,1,1
witness great,1,1
witness queer,1,1
wonder react,1,1
wonderfully game,1,1
actor prime,1,1
add card,1,1
add god,1,1
addition represent,1,1
win old,1,1
always take,1,1
winner constantly,1,1
wire connection,1,1
wire do,1,1
aesthetic hot,1,1
affect,1,1
affect balance,1,1
afterward,1,1
afterward microsoft,1,1
album,1,1
album b00ipby,1,1
almost much,1,1
always move,1,1
always shot,1,1
winner,1,1
bolshy,1,1
bolshy cannot,1,1
bonk,1,1
bonk not,1,1
boot,1,1
boot bang,1,1
taught strange,1,1
teach university,1,1
team congrats,1,1
team oh,1,1
team second,1,1
team spirit,1,1
untimely report,1,1
tell yet,1,1
telling,1,1
telling section,1,1
takealot but,1,1
task act,1,1
task embody,1,1
task experience,1,1
task feel,1,1
borderlands id,1,1
borderlands port,1,1
borderlands sf,1,1
borderlands switch,1,1
technology addition,1,1
bestow artist,1,1
bf4db,1,1
bf4db player,1,1
bharat,1,1
bharat vikatan,1,1
testing connection,1,1
thank favorite,1,1
thank member,1,1
thank playing,1,1
thank team,1,1
thank yes,1,1
thanks angstrom,1,1
bloody transport,1,1
big say,1,1
bioshock soon,1,1
bit but,1,1
thanks likewise,1,1
tennessean,1,1
tennessean org,1,1
term no,1,1
black frankfurter,1,1
black new,1,1
blacken,1,1
blacken suffer,1,1
bloody game,1,1
thanks excessively,1,1
bug dead,1,1
bug riddle,1,1
superior,1,1
superior huhu,1,1
support election,1,1
support follow,1,1
support hazard,1,1
support possibly,1,1
surface,1,1
surface new,1,1
surround really,1,1
sustain,1,1
bot prize,1,1
swap,1,1
swap tweet,1,1
swarm aram,1,1
swarm follow,1,1
substantiate no,1,1
succeeder,1,1
succeeder think,1,1
success constantly,1,1
suffer sale,1,1
super headline,1,1
build online,1,1
bury,1,1
sustain fun,1,1
brag,1,1
brag take,1,1
task get,1,1
switch give,1,1
switch live,1,1
switch since,1,1
switch worth,1,1
symptom big,1,1
taehyung game,1,1
take aboard,1,1
take even,1,1
take extend,1,1
buddy rocket,1,1
take paypal,1,1
take play,1,1
takealot,1,1
sway first,1,1
sway league,1,1
swear,1,1
swear taught,1,1
swiftstack,1,1
swiftstack team,1,1
bring rtx,1,1
bring way,1,1
broaden,1,1
broaden proud,1,1
take non,1,1
axerophthol redemption,1,1
b00ipby,1,1
back game,1,1
back look,1,1
bad buddy,1,1
bad even,1,1
transport hell,1,1
tried,1,1
tried time,1,1
troller cu,1,1
troller go,1,1
troller rate,1,1
bestow,1,1
try today,1,1
tryna like,1,1
tweet someway,1,1
twitch good,1,1
twitch live,1,1
tonight legends,1,1
tonight shenanigan,1,1
too not,1,1
too work,1,1
totally,1,1
totally cannot,1,1
trace game,1,1
try still,1,1
avast daylight,1,1
avast uncollectible,1,1
average guess,1,1
award aero,1,1
award sandbag,1,1
unban thnks,1,1
unban zakawaqar,1,1
uncollectible,1,1
uncollectible average,1,1
uneasy,1,1
uneasy instantly,1,1
unethical device,1,1
axerophthol bang,1,1
unity love,1,1
unity lubricate,1,1
unk hello,1,1
unk mean,1,1
unk reward,1,1
unk rf21jg,1,1
unk think,1,1
twitch z3r0c0010079,1,1
uh bi5qyqfatb,1,1
unaccompanied,1,1
unaccompanied channel,1,1
awkward person,1,1
awkward result,1,1
unit need,1,1
time trace,1,1
tire pall,1,1
today first,1,1
bid,1,1
bid disappoint,1,1
think microsoft,1,1
think mistake,1,1
thnks gye,1,1
threadbare,1,1
threadbare love,1,1
three fustercluck,1,1
thyroxin,1,1
trace ray,1,1
bb girl,1,1
beautiful ghostrecon,1,1
beautiful people,1,1
beggarly,1,1
thanks work,1,1
thevaccinereaction tennessean,1,1
thevaccinereaction volunteer,1,1
theverge microsoft,1,1
thing dead,1,1
think lte,1,1
best bot,1,1
best jackson,1,1
thyroxin take,1,1
bad not,1,1
bad one,1,1
balance personally,1,1
ball vision,1,1
ban ostracise,1,1
transport,1,1
today try,1,1
together attenborough,1,1
tomorrow dead,1,1
tomorrow shenanigan,1,1
banish,1,1
banish ban,1,1
time mess,1,1
base,1,1
base laptop,1,1
battlefield know,1,1
battlefield quartet,1,1
battleground,1,1
battleground know,1,1
tonight along,1,1
bequeath,1,1
bequeath swarm,1,1
tight lubricate,1,1
time commission,1,1
time demintele,1,1
time halo,1,1
bank can,1,1
miss itch,1,1
mission gamey,1,1
mission hey,1,1
mission love,1,1
mission tell,1,1
missy,1,1
missy dear,1,1
government banish,1,1
government pubg,1,1
grab indiana,1,1
grateful rarely,1,1
microsoft emergence,1,1
determine,1,1
microsoft no,1,1
microsoft point,1,1
microsoft think,1,1
million vc,1,1
gold save,1,1
gold use,1,1
good coaching,1,1
good wait,1,1
google brand,1,1
minor,1,1
great new,1,1
green new,1,1
green society,1,1
microsoft issue,1,1
modern,1,1
modern beauty,1,1
moment didn,1,1
mon embarrass,1,1
mon poll,1,1
monday appendage,1,1
monday member,1,1
money antediluvian,1,1
money argoshelpers,1,1
mo,1,1
mo constantly,1,1
mode first,1,1
go ran,1,1
miss heartfelt,1,1
go something,1,1
go struggle,1,1
go twitch,1,1
go vex,1,1
go world,1,1
god card,1,1
god former,1,1
minor come,1,1
misidentify,1,1
misidentify everybody,1,1
mislead course,1,1
misleading,1,1
misleading shoddy,1,1
go reinforce,1,1
hacker battlefield,1,1
hacker battleground,1,1
hacker welcome,1,1
half ii,1,1
halo drunk,1,1
halo pick,1,1
guess,1,1
hang video,1,1
happy but,1,1
happy escort,1,1
make mbit,1,1
make not,1,1
grouse,1,1
make unk,1,1
management pay,1,1
management ran,1,1
manufacturer jeopardize,1,1
manufacturer phone,1,1
marxist,1,1
match bloody,1,1
match never,1,1
match over,1,1
luxury unethical,1,1
lyric song,1,1
mainstream addition,1,1
mainstream technology,1,1
make think,1,1
grouse put,1,1
member talk,1,1
merely,1,1
merely believe,1,1
mess still,1,1
mettlesome,1,1
mettlesome red,1,1
google p2asnp5jke,1,1
google quarter,1,1
guess use,1,1
guy holmium,1,1
guy not,1,1
guy win,1,1
gye ho,1,1
mean data,1,1
mean rhandlerr,1,1
mean spicy,1,1
mean well,1,1
meet,1,1
meet bad,1,1
great bring,1,1
great community,1,1
great exposure,1,1
match really,1,1
match ship,1,1
may lunerian,1,1
maya psycho,1,1
mbit speed,1,1
new beauty,1,1
new bring,1,1
new dwell,1,1
new gaming,1,1
new ii,1,1
new look,1,1
new neat,1,1
fustercluck princess,1,1
fustercluck solo,1,1
game bury,1,1
game call,1,1
gameplay kayo,1,1
mode mode,1,1
gamey excite,1,1
garbage bank,1,1
neat come,1,1
need socket,1,1
need tight,1,1
need unity,1,1
nerd swap,1,1
never jesus,1,1
game hard,1,1
game ii,1,1
game lent,1,1
game played,1,1
get copper,1,1
gamey,1,1
fucking,1,1
fucking unit,1,1
fun couple,1,1
fun favorite,1,1
fun forever,1,1
furious amazon,1,1
furious euphony,1,1
fustercluck channel,1,1
not david,1,1
not disappoint,1,1
game doom,1,1
game emote,1,1
game favorite,1,1
new absolutely,1,1
game go,1,1
new ports,1,1
next formula,1,1
nigga equitable,1,1
nigga stop,1,1
niggas call,1,1
night great,1,1
nioxsnipingyt,1,1
no home,1,1
no play,1,1
game stake,1,1
game struggle,1,1
game team,1,1
game game,1,1
mostly win,1,1
move bug,1,1
much ask,1,1
much buy,1,1
much come,1,1
get really,1,1
get wrong,1,1
gimmick possibly,1,1
girl ps5,1,1
much community,1,1
money direction,1,1
money paypal,1,1
get hard,1,1
month seriously,1,1
go attenborough,1,1
go bum,1,1
go management,1,1
go match,1,1
go pistol,1,1
go pls,1,1
go project,1,1
month team,1,1
month try,1,1
god look,1,1
god us,1,1
mode liferun,1,1
month riddle,1,1
get haunt,1,1
must equal,1,1
must less,1,1
must task,1,1
must uneasy,1,1
name chitter,1,1
nasty make,1,1
nba,1,1
nba 2k,1,1
neat,1,1
game winner,1,1
gameplay attend,1,1
gameplay buddy,1,1
mostly portfolio,1,1
much monday,1,1
much unity,1,1
music amazon,1,1
music feature,1,1
music hear,1,1
music music,1,1
german wrong,1,1
get absolutely,1,1
get account,1,1
get cannot,1,1
get chance,1,1
mostly company,1,1
mostly guy,1,1
much draw,1,1
ii play,1,1
ii rich,1,1
ii watch,1,1
imitator big,1,1
imitator google,1,1
inwards june,1,1
iodin,1,1
la nioxsnipingyt,1,1
late absolutely,1,1
late happy,1,1
late paper,1,1
late press,1,1
make bitch,1,1
incur zeus,1,1
india walk,1,1
indiana,1,1
indiana cheap,1,1
industry minecraft,1,1
info wack,1,1
kind sort,1,1
kitchen aero,1,1
kitchen win,1,1
krieg dlc,1,1
krieg meets,1,1
inside old,1,1
instant,1,1
late warcraftpress,1,1
let else,1,1
let favorite,1,1
let new,1,1
let open,1,1
inaugural,1,1
inaugural first,1,1
incur,1,1
leak playstation,1,1
leak release,1,1
leak sony,1,1
leakage,1,1
leakage leak,1,1
lease,1,1
ii microsoft,1,1
leave commencement,1,1
leave think,1,1
hype cold,1,1
i7 nvidia,1,1
ibm release,1,1
lawrence like,1,1
lead play,1,1
lead rarely,1,1
league halo,1,1
league heart,1,1
league hope,1,1
league learn,1,1
league tonight,1,1
lease hope,1,1
joke vinny,1,1
june google,1,1
june phishing,1,1
kayo,1,1
kayo even,1,1
30llzt6egr,1,1
317slayer,1,1
317slayer favorite,1,1
3rd always,1,1
yet power,1,1
young new,1,1
youtube dlc,1,1
instant order,1,1
youtube watch,1,1
z3r0c0010079,1,1
z3r0c0010079 hope,1,1
zakawaqar,1,1
zakawaqar gye,1,1
jesse music,1,1
1nwftyvxex playstation,1,1
4k virginia,1,1
jesus less,1,1
wrong selling,1,1
2k ask,1,1
2k,1,1
2hr1n8y,1,1
youtube unaccompanied,1,1
instantly,1,1
instantly do,1,1
internet 199d,1,1
internet pay,1,1
invest,1,1
invest confirm,1,1
inwards,1,1
keep info,1,1
kickoff,1,1
kickoff fantastic,1,1
kill coat,1,1
iodin must,1,1
iodine game,1,1
john chillat,1,1
issue doojigger,1,1
issue localise,1,1
itch may,1,1
itch much,1,1
jackson gold,1,1
jackson new,1,1
kill hell,1,1
kill kickoff,1,1
jesus must,1,1
jim co,1,1
jim fuck,1,1
job thank,1,1
john,1,1
iodine like,1,1
low amd,1,1
low shitty,1,1
lower,1,1
lower review,1,1
lte single,1,1
hero best,1,1
hey click,1,1
look soundtrack,1,1
loony nutty,1,1
loony simp,1,1
loot affect,1,1
love end,1,1
less broaden,1,1
hazard,1,1
hazard manufacturer,1,1
hear never,1,1
heart but,1,1
heart mario,1,1
heartfelt,1,1
live osg,1,1
live tv,1,1
live worth,1,1
localise,1,1
localise policy,1,1
lock lock,1,1
lock still,1,1
love episode,1,1
make game,1,1
make grouse,1,1
halo totally,1,1
hang clip,1,1
hang overwatch,1,1
hang reptaronice,1,1
hang sentence,1,1
hang vibe,1,1
lucky david,1,1
ludicrous destructive,1,1
happy pubg,1,1
happy see,1,1
happy tonight,1,1
loved section,1,1
hate iodine,1,1
hate pubg,1,1
hate taehyung,1,1
haunt,1,1
haunt ps5,1,1
heartfelt much,1,1
hefty,1,1
love music,1,1
love second,1,1
love tell,1,1
love telling,1,1
love thyroxin,1,1
loved,1,1
harder superior,1,1
like feel,1,1
like info,1,1
like old,1,1
like ops,1,1
li late,1,1
liberal,1,1
liberal big,1,1
life adore,1,1
hotshot,1,1
hotshot probably,1,1
however,1,1
however biggest,1,1
logos,1,1
huh facebook,1,1
hurt ball,1,1
hype cannot,1,1
ho thnks,1,1
holmium,1,1
ibm review,1,1
identity make,1,1
identity not,1,1
legends happy,1,1
legends ohio,1,1
lent but,1,1
lent even,1,1
lent mainstream,1,1
huh bi5qyqfatb,1,1
logos god,1,1
hefty music,1,1
hell dumb,1,1
hello unk,1,1
help do,1,1
likewise,1,1
likewise verizon,1,1
live beautiful,1,1
live cannot,1,1
live fucking,1,1
live no,1,1
hey mbit,1,1
hey scorecard,1,1
like embody,1,1
hi really,1,1
high management,1,1
high smash,1,1
ho fan,1,1
holmium finally,1,1
hombre,1,1
hombre past,1,1
home front,1,1
home stand,1,1
hope learn,1,1
life cross,1,1
life different,1,1
life late,1,1
hey speed,1,1
dr release,1,1
draw no,1,1
draw silgryn,1,1
dwell,1,1
dwell game,1,1
ea buying,1,1
edge anyplace,1,1
princess dlc,1,1
prize salutary,1,1
probably demintele,1,1
project,1,1
project overwatch,1,1
non step,1,1
drop internet,1,1
drop make,1,1
drop pay,1,1
edge oven,1,1
efc,1,1
efc 2hr1n8y,1,1
effective mode,1,1
embarrass,1,1
powerful beautiful,1,1
press late,1,1
press paper,1,1
pretty change,1,1
price cash,1,1
promptly dawn,1,1
do testing,1,1
doojigger,1,1
doojigger policy,1,1
drive over,1,1
drivel,1,1
drivel bank,1,1
pubg hate,1,1
pubg regard,1,1
put identity,1,1
puzzle,1,1
puzzle kind,1,1
quarter ape,1,1
quartet,1,1
dp wonk,1,1
queer skillsharing,1,1
queer virtually,1,1
quintet,1,1
quintet borderlands,1,1
drunk,1,1
drunk cooky,1,1
proud part,1,1
provide ps5,1,1
ps5 nigga,1,1
psycho fustercluck,1,1
pubg ban,1,1
pubg game,1,1
dp feel,1,1
quartet player,1,1
enceinte,1,1
enceinte everybody,1,1
end take,1,1
energise,1,1
playstation rggbp,1,1
playstation store,1,1
pls rank,1,1
pls server,1,1
enjoy ace,1,1
enjoy awkward,1,1
enjoy detail,1,1
enjoy go,1,1
price industry,1,1
entirely,1,1
entirely set,1,1
entropy,1,1
entropy sim,1,1
pls up,1,1
play tonight,1,1
play void,1,1
play well,1,1
played,1,1
played open,1,1
player ban,1,1
player best,1,1
playing fun,1,1
enough go,1,1
duo krieg,1,1
duo three,1,1
duo youtube,1,1
energise believe,1,1
portfolio guy,1,1
ports soon,1,1
possess,1,1
possess link,1,1
possibly windows,1,1
posterior,1,1
posterior wait,1,1
pound,1,1
pound first,1,1
emote term,1,1
edge modern,1,1
edge new,1,1
edge oled,1,1
point word,1,1
poise,1,1
poise yet,1,1
policy pok,1,1
port,1,1
port good,1,1
embody add,1,1
embody formula,1,1
emergence,1,1
emergence fall,1,1
power best,1,1
dependable best,1,1
redemption not,1,1
redemption playstation,1,1
regard forrad,1,1
regard pubg,1,1
reinforce,1,1
reinforce get,1,1
relatively adenine,1,1
relatively get,1,1
relatively realize,1,1
dead buyback,1,1
dead essay,1,1
do go,1,1
red past,1,1
red redement,1,1
redement online,1,1
redement swear,1,1
redement taught,1,1
redemption deep,1,1
redemption great,1,1
defender bad,1,1
defender comprise,1,1
definitely get,1,1
deliberate coat,1,1
dependable,1,1
really server,1,1
dead taught,1,1
represent liberal,1,1
reptaronice,1,1
reptaronice fun,1,1
reputation live,1,1
reputational create,1,1
result leave,1,1
cu stimulate,1,1
cultivate,1,1
cultivate always,1,1
daily li,1,1
daily warcraft,1,1
data well,1,1
date escort,1,1
daylight average,1,1
decent best,1,1
deep,1,1
deep ii,1,1
defective,1,1
defective watch,1,1
report brand,1,1
report german,1,1
report version,1,1
david child,1,1
dawn,1,1
dawn youtu,1,1
day very,1,1
daylight,1,1
dead think,1,1
disconnect rainbow,1,1
dlc fustercluck,1,1
do cap,1,1
different excite,1,1
doom pet,1,1
ran high,1,1
ran worth,1,1
rank get,1,1
rank stop,1,1
ranking,1,1
ranking pls,1,1
rarely part,1,1
really similar,1,1
rate mmr,1,1
rattle,1,1
rattle really,1,1
raw,1,1
raw absolutely,1,1
race call,1,1
race soon,1,1
racing,1,1
racing always,1,1
railroad,1,1
railroad aero,1,1
do card,1,1
do examine,1,1
rate,1,1
destructive gaming,1,1
destructive reputational,1,1
detail success,1,1
detail surround,1,1
details bf4db,1,1
2am conference,1,1
determine ccr,1,1
device substantiate,1,1
red online,1,1
different racing,1,1
direction archaic,1,1
disappoint well,1,1
disappointed favorite,1,1
disappointed playoverwatch,1,1
ready forcibly,1,1
really card,1,1
really exist,1,1
really first,1,1
really god,1,1
really hurt,1,1
really one,1,1
really real,1,1
rdr constantly,1,1
rdr eventually,1,1
rdr time,1,1
reach match,1,1
disappointed let,1,1
react wet,1,1
ops order,1,1
order campaign,1,1
order pay,1,1
order selection,1,1
first leave,1,1
first seriously,1,1
first showcased,1,1
first take,1,1
fix rank,1,1
fix thanks,1,1
foil,1,1
oled win,1,1
playing semirijha,1,1
one back,1,1
one dp,1,1
one firewall,1,1
one switch,1,1
one thing,1,1
follow next,1,1
following,1,1
following attack,1,1
force but,1,1
forever always,1,1
forever doom,1,1
forget,1,1
forget reputational,1,1
one absolutely,1,1
overwatch lease,1,1
overwatch meet,1,1
overwatch play,1,1
overwatch see,1,1
overwatch twitch,1,1
p2asnp5jke,1,1
p2asnp5jke name,1,1
pace bolshy,1,1
favorite like,1,1
favorite play,1,1
favourable,1,1
foil somehow,1,1
osg live,1,1
ops drive,1,1
ostracise,1,1
oven core,1,1
oven no,1,1
over absolutely,1,1
over callofduty,1,1
over pathetic,1,1
fighter,1,1
fighter new,1,1
fin,1,1
fin enjoy,1,1
online drivel,1,1
online garbage,1,1
open day,1,1
osg shotz,1,1
not wonderfully,1,1
nutty,1,1
nutty slack,1,1
nvidia no,1,1
nvidia oven,1,1
fortunate following,1,1
fortunate state,1,1
forward card,1,1
forward side,1,1
found perfect,1,1
found zeus,1,1
obsess bb,1,1
old fun,1,1
not free,1,1
not inaugural,1,1
not luxury,1,1
frank back,1,1
frankfurter,1,1
frankfurter ops,1,1
frolic,1,1
frolic miss,1,1
fuck comparatively,1,1
fuck relatively,1,1
not time,1,1
no price,1,1
non,1,1
not expensive,1,1
old inside,1,1
old really,1,1
forgotten destructive,1,1
former,1,1
former favorite,1,1
formula soothe,1,1
formula unquiet,1,1
forrad,1,1
forrad loot,1,1
forth,1,1
forth fin,1,1
fortnite effective,1,1
oled core,1,1
old acquire,1,1
occident online,1,1
off scoop,1,1
offer,1,1
offer player,1,1
offline occident,1,1
offline red,1,1
offline redement,1,1
oh although,1,1
oh high,1,1
oh past,1,1
oh win,1,1
ohio,1,1
ohio champion,1,1
occident occident,1,1
play bad,1,1
play call,1,1
play duty,1,1
play first,1,1
play good,1,1
play niggas,1,1
excited believe,1,1
personally change,1,1
personify fashion,1,1
personify misidentify,1,1
pet,1,1
pet doom,1,1
firewall exactly,1,1
phallus witness,1,1
phone takealot,1,1
even convey,1,1
even game,1,1
even great,1,1
even rocket,1,1
even untimely,1,1
people see,1,1
people together,1,1
perfect see,1,1
perfect setting,1,1
perfect zeus,1,1
perfectly,1,1
phallus,1,1
playing tonight,1,1
playoverwatch,1,1
playoverwatch one,1,1
playstation leak,1,1
playstation red,1,1
play not,1,1
play rattle,1,1
play seem,1,1
episode part,1,1
episode xiv,1,1
equal,1,1
equal new,1,1
equitable,1,1
plan force,1,1
escort leak,1,1
escort monday,1,1
essay,1,1
eu not,1,1
euphony,1,1
euphony love,1,1
eventually,1,1
eventually pound,1,1
pick clip,1,1
pig,1,1
pig pls,1,1
pistol offer,1,1
plan but,1,1
equitable stop,1,1
pay worth,1,1
experience go,1,1
exposure bring,1,1
extend money,1,1
extolment,1,1
extolment good,1,1
facebook bi5qyqfatb,1,1
fall afterward,1,1
paypal provide,1,1
favourable lucky,1,1
feel go,1,1
feel sport,1,1
pace rich,1,1
perfectly adore,1,1
painfully forget,1,1
pall,1,1
pall driving,1,1
panel home,1,1
part bonk,1,1
fall forgot,1,1
fan,1,1
fan gye,1,1
fare,1,1
fare community,1,1
fashion,1,1
finally let,1,1
finally surface,1,1
pace wait,1,1
person game,1,1
person succeeder,1,1
everyone account,1,1
examine,1,1
examine wire,1,1
excessively,1,1
excessively verizon,1,1
excited,1,1
peep hurt,1,1
people conclusion,1,1
people furious,1,1
people minor,1,1
people music,1,1
pay sim,1,1
exclusive 1nwftyvxex,1,1
exclusive away,1,1
exit axerophthol,1,1
exit boot,1,1
expansion favorite,1,1
expansion like,1,1
experience,1,1
fashion different,1,1
past congrats,1,1
past dead,1,1
pathetic absolutely,1,1
pathetic go,1,1
pause logos,1,1
people result,1,1
