id,entity,label,raw_text,cleaned_text,tokens,n_tokens_raw,n_tokens_clean
6,Borderlands,Positive,"Thank you so much to members who came out to @borderlands_sf Monday to witness @megelison and I talking about queer families, skillsharing, and fighting fascism through caring for our communities! what you great night.",thank much member come monday witness talk queer family skillsharing fight fascism care community great night,"['thank', 'much', 'member', 'come', 'monday', 'witness', 'talk', 'queer', 'family', 'skillsharing', 'fight', 'fascism', 'care', 'community', 'great', 'night']",38,16
7,Borderlands,Irrelevant#Neutral,Borderlands 3 - Jesse Krieg Music Meets Princess Maya ( performing Psycho Krieg solo and featuring the Fantastic Duo Fustercluck DLC ). youtube. com / channel watch? id v = o4JfCk ….,borderland jesse krieg music meet princess maya perform psycho krieg solo feature fantastic duo fustercluck dlc youtube com channel watch id jfck,"['borderland', 'jesse', 'krieg', 'music', 'meet', 'princess', 'maya', 'perform', 'psycho', 'krieg', 'solo', 'feature', 'fantastic', 'duo', 'fustercluck', 'dlc', 'youtube', 'com', 'channel', 'watch', 'id', 'jfck']",36,22
8,CallOfDutyBlackopsColdWar,Positive,I'll believe it when I see it but every way I'm excited,believe see but every way excite,"['believe', 'see', 'but', 'every', 'way', 'excite']",12,6
9,Nvidia,Irrelevant,"Attacked again IBM, AMD releases RX 6000 dual accelerator cards: lower reviews tnewspro.com/2020/10/29/att...",attack ibm amd release rx dual accelerator card low review,"['attack', 'ibm', 'amd', 'release', 'rx', 'dual', 'accelerator', 'card', 'low', 'review']",16,10
10,Verizon,Positive,"Thanks to Verizon, you're too expensive not to work",thanks verizon too expensive not work,"['thanks', 'verizon', 'too', 'expensive', 'not', 'work']",10,6
11,WorldOfCraft,Positive,"Things that help with how all-caps anxious I feel right now: World of Warcraft. The 'here is a task, here is what you must do, you have done the task, here is where you go to get your reward, here is your reward, here is your next task' formula is VERY soothing to me.",thing help cap anxious feel right world warcraft task must do task go get reward reward next task formula very soothe,"['thing', 'help', 'cap', 'anxious', 'feel', 'right', 'world', 'warcraft', 'task', 'must', 'do', 'task', 'go', 'get', 'reward', 'reward', 'next', 'task', 'formula', 'very', 'soothe']",64,21
12,Hearthstone,Neutral#Positive,His Biggest Gold Grubber yet and best game with Reno Jackson for using his new updated zero cost Gold hero saving power,big gold grubber yet best game reno jackson use new update zero cost gold hero save power,"['big', 'gold', 'grubber', 'yet', 'best', 'game', 'reno', 'jackson', 'use', 'new', 'update', 'zero', 'cost', 'gold', 'hero', 'save', 'power']",22,17
13,WorldOfCraft,Positive,The latest WarCraft Press Daily! paper.li/WarCraftPress/… Thanks to @Shadesogrey,late warcraft press daily paper li warcraftpress thanks,"['late', 'warcraft', 'press', 'daily', 'paper', 'li', 'warcraftpress', 'thanks']",10,8
14,Overwatch,Negative,i immediately play overwatch again (bad),immediately play overwatch bad,"['immediately', 'play', 'overwatch', 'bad']",8,4
15,PlayStation5(PS5),Negative,Huge water leak. I wonder how Sony will react now to this?,huge water leak wonder sony react,"['huge', 'water', 'leak', 'wonder', 'sony', 'react']",14,6
16,Overwatch,Negative,"Nerd Tweet: I'm really disappointed by @ PlayOverwatch, one of my favorite games I've played since day one. I feel that all they care about is sport. We finally have a new hero, cool, but another dps. 2 / 2 / 2 I can somehow come back. But let's switch open...",nerd tweet really disappointed one favorite game play since day one feel care sport finally new hero cool but another dp somehow come back but let switch open,"['nerd', 'tweet', 'really', 'disappointed', 'one', 'favorite', 'game', 'play', 'since', 'day', 'one', 'feel', 'care', 'sport', 'finally', 'new', 'hero', 'cool', 'but', 'another', 'dp', 'somehow', 'come', 'back', 'but', 'let', 'switch', 'open']",60,28
17,PlayStation5(PS5),Neutral,Will<unk> be screaming “ hello it’s Jon champion with co co commentator Jim “ as what dey fuck?,unk scream hello jon champion co co commentator jim dey fuck,"['unk', 'scream', 'hello', 'jon', 'champion', 'co', 'co', 'commentator', 'jim', 'dey', 'fuck']",22,11
18,Borderlands,Positive,4 favorite games of all time. (thanks @317Slayer and @Drunk_Cookies!). . 1. Halo 2/3 can't pick. 2. Rocket League. 3. Kingdom Hearts 2. 4. Super Mario Bros All Stars (this was probably the first game I ever played). . @Demintele_Sway @DiscoSpider93 @Void_BWungus @LSTesports let’s see em!,favorite game time thanks halo cannot pick rocket league kingdom heart super mario bros star probably first game ever play let see,"['favorite', 'game', 'time', 'thanks', 'halo', 'cannot', 'pick', 'rocket', 'league', 'kingdom', 'heart', 'super', 'mario', 'bros', 'star', 'probably', 'first', 'game', 'ever', 'play', 'let', 'see']",62,22
19,NBA2K,Negative,I like you how some @NBA2K_2KTV act like nothing wrong with that @NBA2K just keep selling this wack info.,like act like nothing wrong keep sell wack info,"['like', 'act', 'like', 'nothing', 'wrong', 'keep', 'sell', 'wack', 'info']",20,9
20,RedDeadRedemption(RDR),Negative,One of the strangest things Red Dead Redement 2 has taught me (offline and online) is that there were banks and garbage cans everywhere in the old West.,one strange thing red dead redement teach offline online bank garbage can everywhere old west,"['one', 'strange', 'thing', 'red', 'dead', 'redement', 'teach', 'offline', 'online', 'bank', 'garbage', 'can', 'everywhere', 'old', 'west']",31,15
21,Microsoft,Negative,RT vikatan:'Walking in India is the worst! 2-Microsoft to,rt vikatan walk india bad microsoft,"['rt', 'vikatan', 'walk', 'india', 'bad', 'microsoft']",15,6
22,RedDeadRedemption(RDR),Irrelevant,Red Dead Redemption. . store.playstation.com/,red dead redemption,"['red', 'dead', 'redemption']",5,3
23,NBA2K,Positive,"@ NBA2K can I ask an episode also I have bought almost 2 million worth of vc, this is how much I love this game",ask episode also buy almost million worth vc much love game,"['ask', 'episode', 'also', 'buy', 'almost', 'million', 'worth', 'vc', 'much', 'love', 'game']",27,11
24,Google,Negative#Neutral,pause who the god uses microsoft word... what's the point for them...,pause god use microsoft word point,"['pause', 'god', 'use', 'microsoft', 'word', 'point']",14,6
25,Battlefield,Irrelevant#Negative,The ban for Battlefield 4 911 _ kbbbbbbb.com player was due to DETAILS: bf4db.com / player / ban / 513...,ban battlefield player due detail ban,"['ban', 'battlefield', 'player', 'due', 'detail', 'ban']",22,6
26,Borderlands,Positive,4 Favorite Game Soundtracks:.. Doom. Doom. Doom. Doom forever,favorite game soundtrack doom doom doom doom forever,"['favorite', 'game', 'soundtrack', 'doom', 'doom', 'doom', 'doom', 'forever']",14,8
27,CallOfDuty,Negative,niggas really out here tryna play me like I'm Call of Duty! I hate it here,nigga really tryna play like call duty hate,"['nigga', 'really', 'tryna', 'play', 'like', 'call', 'duty', 'hate']",17,8
28,AssassinsCreed,Neutral,Well... it was kind of puzzling.,well kind puzzling,"['well', 'kind', 'puzzling']",8,3
29,LeagueOfLegends,Positive,"oh fuck I just realized... if a League of Legends Champion gets into smash, there's a relatively high chance it's Yasuo. FUCK",oh fuck realize league legends champion get smash relatively high chance yasuo fuck,"['oh', 'fuck', 'realize', 'league', 'legends', 'champion', 'get', 'smash', 'relatively', 'high', 'chance', 'yasuo', 'fuck']",25,13
30,TomClancysGhostRecon,Neutral,Something went wrong.,something go wrong,"['something', 'go', 'wrong']",4,3
31,Microsoft,Irrelevant,I'm live on Twitch - watch me on twitch.tv / osg _ shotz,live twitch watch shotz,"['live', 'twitch', 'watch', 'shotz']",13,4
32,CallOfDutyBlackopsColdWar,Irrelevant,The Best Decent Bot •. sniper prize for La @NioxSnipingYT •...,best decent bot sniper prize la,"['best', 'decent', 'bot', 'sniper', 'prize', 'la']",13,6
33,HomeDepot,Neutral#Positive,I miss the hot dog stands at Home Depot,miss hot dog stand home depot,"['miss', 'hot', 'dog', 'stand', 'home', 'depot']",9,6
34,Amazon,Positive,"Beautiful song. Powerful lyrics that more people should hear..  ""Furious Love"" by VERIDIA on Amazon Music. music.amazon.com/albums/B00IPBY…",beautiful song powerful lyric people hear furious love veridia amazon music,"['beautiful', 'song', 'powerful', 'lyric', 'people', 'hear', 'furious', 'love', 'veridia', 'amazon', 'music']",22,11
35,Fortnite,Positive,Great way to bring exposure to young up and new coming artists,great way bring exposure young up new come artist,"['great', 'way', 'bring', 'exposure', 'young', 'up', 'new', 'come', 'artist']",12,9
36,MaddenNFL,Irrelevant#Positive,with I mean this is just insane . . . RhandlerR RhandlerR RhandlerR pic.twitter.com/30llzT6egr,mean insane rhandlerr rhandlerr rhandlerr,"['mean', 'insane', 'rhandlerr', 'rhandlerr', 'rhandlerr']",12,5
37,CS-GO,Positive,Congratulations to @Team__Spirit!... You are the.. Good coaching job. Yes Thank you again for playing!...,congratulation good coach job yes thank play,"['congratulation', 'good', 'coach', 'job', 'yes', 'thank', 'play']",21,7
38,PlayerUnknownsBattlegrounds(PUBG),Neutral,Why government banned pubg,government ban pubg,"['government', 'ban', 'pubg']",4,3
39,Verizon,Neutral,Hey @ verizonfios @ verizonSupport Why does my internet speed drop to 591 Mbit / s when I pay for 1Gig SIM card services?.. Testing is done via a wired connection with CAT8 SFTP 40GB cables.. speedtest.net / result / c / 1999d...,hey internet speed drop mbit pay gig sim card service test do via wired connection cat sftp gb cable,"['hey', 'internet', 'speed', 'drop', 'mbit', 'pay', 'gig', 'sim', 'card', 'service', 'test', 'do', 'via', 'wired', 'connection', 'cat', 'sftp', 'gb', 'cable']",48,19
40,CS-GO,Negative,"bloody hell sounds so dumb, I’ve won 10 matches in a row with over 50 MVPS’s and reached 1,500 kills each game carrying my team. Like do I needed to build a new online CSGO account????",bloody hell sound dumb win match row over mvp reach kill game carry team like need build new online csgo account,"['bloody', 'hell', 'sound', 'dumb', 'win', 'match', 'row', 'over', 'mvp', 'reach', 'kill', 'game', 'carry', 'team', 'like', 'need', 'build', 'new', 'online', 'csgo', 'account']",45,21
41,TomClancysGhostRecon,Irrelevant,We really are Ghosts... Real and we don't exist.,really ghost real not exist,"['really', 'ghost', 'real', 'not', 'exist']",11,5
42,Microsoft,Negative,"Who is ready for microsoft to forcibly resurrect a nasty series with no plan or direction but to make money, and then force archaic spin to release it in 2 years?!!!???",ready microsoft forcibly resurrect nasty series no plan direction but make money force archaic spin release year,"['ready', 'microsoft', 'forcibly', 'resurrect', 'nasty', 'series', 'no', 'plan', 'direction', 'but', 'make', 'money', 'force', 'archaic', 'spin', 'release', 'year']",39,17
43,CS-GO,Positive,csgo pls stop ranking me up games are getting harder huhu,csgo pls stop rank up game get harder huhu,"['csgo', 'pls', 'stop', 'rank', 'up', 'game', 'get', 'harder', 'huhu']",11,9
44,Amazon,Negative,"Google and Amazon were the biggest imitators of the brands used in phishing attacks in the June quarter, the report said.",google amazon big imitator brand use phishing attack june quarter report say,"['google', 'amazon', 'big', 'imitator', 'brand', 'use', 'phishing', 'attack', 'june', 'quarter', 'report', 'say']",23,12
45,PlayerUnknownsBattlegrounds(PUBG),Positive,The current state of the PUBG community regarding Loot Re-balance on Karakin... Personally I'm pretty happy with the changes and look forward to playing the card tonight! pic.twitter.com / eFc2HR1n8Y,current state pubg community regard loot balance karakin personally pretty happy change look forward play card tonight,"['current', 'state', 'pubg', 'community', 'regard', 'loot', 'balance', 'karakin', 'personally', 'pretty', 'happy', 'change', 'look', 'forward', 'play', 'card', 'tonight']",33,17
46,CallOfDutyBlackopsColdWar,Negative,and Exclusive to PlayStation? Oh fuck off. pic.twitter.com/1NwFtyVXeX,exclusive playstation oh fuck off,"['exclusive', 'playstation', 'oh', 'fuck', 'off']",10,5
47,PlayStation5(PS5),Negative,@ArgosHelpers I do love how you took money from providing my PayPal for PS5 but because the order didn ’ t completely go through your high end management because they ran an out worth of stock the moment I paid?.,love take money provide paypal but order didn completely go high end management run worth stock moment pay,"['love', 'take', 'money', 'provide', 'paypal', 'but', 'order', 'didn', 'completely', 'go', 'high', 'end', 'management', 'run', 'worth', 'stock', 'moment', 'pay']",42,18
48,CS-GO,Irrelevant#Positive,Best pistol player in 2016:GO?..,best pistol player go,"['best', 'pistol', 'player', 'go']",9,4
49,Nvidia,Positive,"Oh, yeah, although I always used to work mostly with these older guys. Second company from inside my portfolio to be acquired in the past for three months. Congrats, @SwiftStack team, on winning the acquisition!",oh yeah although always use work mostly old guy second company inside portfolio acquire past three month congrats team win acquisition,"['oh', 'yeah', 'although', 'always', 'use', 'work', 'mostly', 'old', 'guy', 'second', 'company', 'inside', 'portfolio', 'acquire', 'past', 'three', 'month', 'congrats', 'team', 'win', 'acquisition']",42,21
50,CallOfDutyBlackopsColdWar,Positive,"all hyped for cold war, campaign is something i cant wait let start! Who else is hyped!?",hyped cold war campaign something cannot wait let start else hyped,"['hyped', 'cold', 'war', 'campaign', 'something', 'cannot', 'wait', 'let', 'start', 'else', 'hyped']",21,11
51,Microsoft,Neutral,"Not exactly. Free means the price is your data. During the early days of Avast and AVG, I used to say it was better than nothing. Now, I think nothing - and Microsoft Defender - is better than this bad firewall.",not exactly free mean price data early day avast average use say well nothing think nothing microsoft defender well bad firewall,"['not', 'exactly', 'free', 'mean', 'price', 'data', 'early', 'day', 'avast', 'average', 'use', 'say', 'well', 'nothing', 'think', 'nothing', 'microsoft', 'defender', 'well', 'bad', 'firewall']",47,21
52,TomClancysGhostRecon,Negative,Just tried @GhostRecon_UK for the first time in months and it's still a bug riddled mess. Seriously guy just abandon it and move on. It's dead now.,try first time month still bug riddled mess seriously guy abandon move dead,"['try', 'first', 'time', 'month', 'still', 'bug', 'riddled', 'mess', 'seriously', 'guy', 'abandon', 'move', 'dead']",30,13
53,NBA2K,Irrelevant,@ YoyaltyGaming I can't see them.,cannot see,"['cannot', 'see']",7,2
54,Microsoft,Irrelevant,Uh huh pic.facebook.com / bi5qYQfatb,uh huh,"['uh', 'huh']",5,2
55,Nvidia,Irrelevant#Positive,"than $500 on the AERO VA OLED - Award winning design, stunning 4K OLED panel, color in front edge of kitchen oven, with i7 core and Nvidia Core 4. This is a no work from home, create anywhere laptop! buff.ly/3kd6oRQ",aero va oled award win design stun oled panel color front edge kitchen oven core nvidia core no work home create anywhere laptop,"['aero', 'va', 'oled', 'award', 'win', 'design', 'stun', 'oled', 'panel', 'color', 'front', 'edge', 'kitchen', 'oven', 'core', 'nvidia', 'core', 'no', 'work', 'home', 'create', 'anywhere', 'laptop']",47,23
56,PlayerUnknownsBattlegrounds(PUBG),Positive,Congratulations guys finally PUBG UNBAN ho gye thnks @ZakaWaqar  thnks all pubg lover .,congratulation guy finally pubg unban ho gye thnks thnks pubg lover,"['congratulation', 'guy', 'finally', 'pubg', 'unban', 'ho', 'gye', 'thnks', 'thnks', 'pubg', 'lover']",14,11
57,Fortnite,Positive,"A new game racing mode called "" Liferun "" will be added to Fortnite very effective soon! It will first ever be showcased at PAX South in a few extra days.... In this game mode you'll play here as only a Red Green Cross Society Worker with racing to always save the lives of characters in 4 different missions!. via ) @AdamGrenade im excited!",new game race mode call liferun add fortnite very effective soon first ever showcased pax south extra day game mode play red green cross society worker race always save live character different mission via excited,"['new', 'game', 'race', 'mode', 'call', 'liferun', 'add', 'fortnite', 'very', 'effective', 'soon', 'first', 'ever', 'showcased', 'pax', 'south', 'extra', 'day', 'game', 'mode', 'play', 'red', 'green', 'cross', 'society', 'worker', 'race', 'always', 'save', 'live', 'character', 'different', 'mission', 'via', 'excited']",69,35
58,Microsoft,Negative,Microsoft falls after Microsoft forgot to issue a certificate: -))))))) theverge.com / 2020 / 2 / 3 / 21120...,microsoft fall microsoft forgot issue certificate,"['microsoft', 'fall', 'microsoft', 'forgot', 'issue', 'certificate']",24,6
59,Borderlands,Positive,"New Borderlands Ports on Switch are so good, 100% gave no complaints, definitely worth it, can’t wait to get Bioshock Collection soon.",new borderland port switch good give no complaint definitely worth cannot wait get bioshock collection soon,"['new', 'borderland', 'port', 'switch', 'good', 'give', 'no', 'complaint', 'definitely', 'worth', 'cannot', 'wait', 'get', 'bioshock', 'collection', 'soon']",29,16
60,Cyberpunk2077,Negative,I ’ m really bummed that @CyberpunkGame is only first person. 5 I think your 3rd person is always leading the move forward for successful side story games. The camera angles while playing just really seems so awkward and leave your game constantly struggling to enjoy the surrounding details. 4 This is going to hurt me their success,really bum first person think rd person always lead move forward successful side story game camera angle play really seem awkward leave game constantly struggle enjoy surround detail go hurt success,"['really', 'bum', 'first', 'person', 'think', 'rd', 'person', 'always', 'lead', 'move', 'forward', 'successful', 'side', 'story', 'game', 'camera', 'angle', 'play', 'really', 'seem', 'awkward', 'leave', 'game', 'constantly', 'struggle', 'enjoy', 'surround', 'detail', 'go', 'hurt', 'success']",61,31
61,CallOfDutyBlackopsColdWar,Irrelevant,"Scump, Simp, Loony, Slacked",scump simp loony slack,"['scump', 'simp', 'loony', 'slack']",7,4
62,Nvidia,Positive,"It's take a while, but great to see the RTX real-time ray tracing technology lent out to even more mainstream games. The addition aboard @nvidia represents a big one.",take but great see rtx real time ray trace technology lend even mainstream game addition aboard represent big one,"['take', 'but', 'great', 'see', 'rtx', 'real', 'time', 'ray', 'trace', 'technology', 'lend', 'even', 'mainstream', 'game', 'addition', 'aboard', 'represent', 'big', 'one']",32,19
63,CallOfDuty,Negative,@CallofDuty has gotten over 156GB. . . Absolutely pathetic.,gotten over gb absolutely pathetic,"['gotten', 'over', 'gb', 'absolutely', 'pathetic']",9,5
64,Hearthstone,Positive,"The new @ PlayHearthstone expansion looks like it will add some really fun cards, and the old gods were my favorite expansion.",new expansion look like add really fun card old god favorite expansion,"['new', 'expansion', 'look', 'like', 'add', 'really', 'fun', 'card', 'old', 'god', 'favorite', 'expansion']",24,12
65,MaddenNFL,Negative,@saquon you peep with ball carrier vision? They hurt 🤦. ‍.,peep ball carrier vision hurt,"['peep', 'ball', 'carrier', 'vision', 'hurt']",13,5
66,AssassinsCreed,Neutral#Positive,Found this perfect setting for Zeus,find perfect set zeus,"['find', 'perfect', 'set', 'zeus']",6,4
67,TomClancysGhostRecon,Irrelevant#Positive,. Is beautiful @GhostRecon..,beautiful,['beautiful'],5,1
68,LeagueOfLegends,Positive,Happy Happy Monday!!! Tonight we will be streaming me Playing League Of Legends and learning characters through ARAM!! can’t hope will see you all!,happy happy monday tonight stream play league legend learn character aram cannot hope see,"['happy', 'happy', 'monday', 'tonight', 'stream', 'play', 'league', 'legend', 'learn', 'character', 'aram', 'cannot', 'hope', 'see']",32,14
69,RedDeadRedemption(RDR),Positive,"A second and a half not watching it, I finally beat Red Dead Redemption III, a wonderfully rich game that kills you with a fantastic storyline if you constantly fight with deliberate controls and molasses coated pace. Can’t wait to seriously play RDR1 now for the first time.<unk>]",second half not watch finally beat red dead redemption ii wonderfully rich game kill fantastic storyline constantly fight deliberate control molasses coat pace cannot wait seriously play rdr first time unk,"['second', 'half', 'not', 'watch', 'finally', 'beat', 'red', 'dead', 'redemption', 'ii', 'wonderfully', 'rich', 'game', 'kill', 'fantastic', 'storyline', 'constantly', 'fight', 'deliberate', 'control', 'molasses', 'coat', 'pace', 'cannot', 'wait', 'seriously', 'play', 'rdr', 'first', 'time', 'unk']",57,31
70,johnson&johnson,Negative,20 Volunteers Suffer Negative Response to Johnson Gary Johnson’s... thevaccinereaction.org/2020/10/20-vol…,volunteer suffer negative response johnson gary johnson,"['volunteer', 'suffer', 'negative', 'response', 'johnson', 'gary', 'johnson']",13,7
71,CallOfDuty,Positive,Come watch my buddy Vinny and I for some bad gameplay and even worse jokes! Rocket League! Call of Duty Warzone!  Streaming till 2AM maybe later! Come hang out :),come watch buddy vinny bad gameplay even bad joke rocket league call duty warzone stream till maybe later come hang,"['come', 'watch', 'buddy', 'vinny', 'bad', 'gameplay', 'even', 'bad', 'joke', 'rocket', 'league', 'call', 'duty', 'warzone', 'stream', 'till', 'maybe', 'later', 'come', 'hang']",34,20
72,Facebook,Negative,Hi everyone. Just got a working account. I'm really tired driving facebook.,hi everyone get work account really tire drive facebook,"['hi', 'everyone', 'get', 'work', 'account', 'really', 'tire', 'drive', 'facebook']",15,9
73,RedDeadRedemption(RDR),Positive,Thanks to all that stopped by the stream tonight. Had a great time hanging with all y'all! It was fun. Thanks to @ReptarOnIce3000 for the follow and hope to see you guys tomorrow for some red dead redemption 2 shenanigans.. .,thanks stop stream tonight great time hang fun thanks follow hope see guy tomorrow red dead redemption shenanigan,"['thanks', 'stop', 'stream', 'tonight', 'great', 'time', 'hang', 'fun', 'thanks', 'follow', 'hope', 'see', 'guy', 'tomorrow', 'red', 'dead', 'redemption', 'shenanigan']",44,18
74,CallOfDutyBlackopsColdWar,Positive,of the setting. Frank Lawrence is back. Feels like Black Ops 1 all over again. See the CCR & New Order soundtrack selections. Looks like the campaign<unk> going to mean DOpE!,set frank lawrence back feel like black ops over see ccr new order soundtrack selection look like campaign unk go mean dope,"['set', 'frank', 'lawrence', 'back', 'feel', 'like', 'black', 'ops', 'over', 'see', 'ccr', 'new', 'order', 'soundtrack', 'selection', 'look', 'like', 'campaign', 'unk', 'go', 'mean', 'dope']",37,22
75,Microsoft,Negative,I've rarely been less proud (or grateful) to be part of the extended extended family.,rarely less proud grateful part extend extend family,"['rarely', 'less', 'proud', 'grateful', 'part', 'extend', 'extend', 'family']",18,8
76,johnson&johnson,Positive,Exit 2020 with a bang,exit bang,"['exit', 'bang']",5,2
77,TomClancysRainbowSix,Positive,It is not the first time that the EU Commission has taken such a step.,not first time eu commission take step,"['not', 'first', 'time', 'eu', 'commission', 'take', 'step']",16,7
78,PlayStation5(PS5),Neutral,PlayStation 5 release date leaked dr.it / RgggBp,playstation release date leak dr rggbp,"['playstation', 'release', 'date', 'leak', 'dr', 'rggbp']",8,6
79,Fortnite,Neutral,"""and so it this a symptom of something bigger rolling on? So is it a cause? So now's where everybody WHO's made a mistake, they think it's a cause.""<unk>.",symptom something big roll everybody make mistake think unk,"['symptom', 'something', 'big', 'roll', 'everybody', 'make', 'mistake', 'think', 'unk']",37,9
80,WorldOfCraft,Negative,"I had an itch to draw Lunerian and Silgryn again, bc I miss them so much.. I may no longer play WoW, but Silgryn is still so dear to me.",itch draw lunerian silgryn miss much may no longer play wow but silgryn still dear,"['itch', 'draw', 'lunerian', 'silgryn', 'miss', 'much', 'may', 'no', 'longer', 'play', 'wow', 'but', 'silgryn', 'still', 'dear']",34,15
81,Google,Negative,I have never heard of Jesus following the less fortunate. Those who are attacked by the state. There must be a new rebranding.,never hear jesus follow less fortunate attack state must new rebranding,"['never', 'hear', 'jesus', 'follow', 'less', 'fortunate', 'attack', 'state', 'must', 'new', 'rebranding']",26,11
82,Facebook,Positive,I was lucky enough to have David Attenborough as a university lecturer. It's nice to see people coming together to teach children who don't go to school.,lucky enough david attenborough university lecturer nice see people come together teach child not go school,"['lucky', 'enough', 'david', 'attenborough', 'university', 'lecturer', 'nice', 'see', 'people', 'come', 'together', 'teach', 'child', 'not', 'go', 'school']",29,16
83,Microsoft,Negative,"The prices to the new Minecraft emotes are ludicrous. Very destructive to industry and gaming in terms of reputation. This is no cash grab, and it will be cheaper. Way painfully expensive! Have you forgotten the reputational damage created by EA's loot buying scandals?! @mojang @jeb_",price new minecraft emote ludicrous very destructive industry gaming term reputation no cash grab cheap way painfully expensive forgotten reputational damage create ea loot buying scandal,"['price', 'new', 'minecraft', 'emote', 'ludicrous', 'very', 'destructive', 'industry', 'gaming', 'term', 'reputation', 'no', 'cash', 'grab', 'cheap', 'way', 'painfully', 'expensive', 'forgotten', 'reputational', 'damage', 'create', 'ea', 'loot', 'buying', 'scandal']",53,26
84,MaddenNFL,Negative,Ready for more crappy same game and more removed content and still locked behind the paywall,ready crappy game remove content still lock behind paywall,"['ready', 'crappy', 'game', 'remove', 'content', 'still', 'lock', 'behind', 'paywall']",16,9
85,PlayStation5(PS5),Negative,Can y'all niggas stop clinin bout women not buyin y'all the PS5. y'all sound just chillat,niggas stop clinin bout woman not buyin sound chillat,"['niggas', 'stop', 'clinin', 'bout', 'woman', 'not', 'buyin', 'sound', 'chillat']",17,9
86,Microsoft,Negative,"@ TAKEALOT. Don't you think it's unethical to sell a device that is no longer supported by the manufacturer? Windows Phone is dead, but you have it for sale, possibly jeopardizing user information. Microsoft Luxury 640 LTE 8GB Single Sim - Black.",not think unethical sell device no longer support manufacturer windows phone dead but sale possibly jeopardize user information microsoft luxury lte gb single sim black,"['not', 'think', 'unethical', 'sell', 'device', 'no', 'longer', 'support', 'manufacturer', 'windows', 'phone', 'dead', 'but', 'sale', 'possibly', 'jeopardize', 'user', 'information', 'microsoft', 'luxury', 'lte', 'gb', 'single', 'sim', 'black']",48,25
87,Xbox(Xseries),Irrelevant,I absolutely got the new,absolutely get new,"['absolutely', 'get', 'new']",5,3
88,Fortnite,Negative,Pokémon go to the polls...same gimmicks in the place of substantive issues and policy. Pathetic and embarrassing.,pok mon go poll gimmick place substantive issue policy pathetic embarrassing,"['pok', 'mon', 'go', 'poll', 'gimmick', 'place', 'substantive', 'issue', 'policy', 'pathetic', 'embarrassing']",21,11
89,Microsoft,Positive,The new Microsoft Edge 2 is a beauty,new microsoft edge beauty,"['new', 'microsoft', 'edge', 'beauty']",8,4
90,PlayerUnknownsBattlegrounds(PUBG),Neutral,I will support you in next election if,support next election,"['support', 'next', 'election']",8,3
91,Google,Negative,Why twitter just make to put in my username to confirm my identity. bitch this ain’t google.,twitter make put username confirm identity bitch not google,"['twitter', 'make', 'put', 'username', 'confirm', 'identity', 'bitch', 'not', 'google']",21,9
92,Cyberpunk2077,Negative,"Well, it's disappointing... Won't play then.",well disappoint not play,"['well', 'disappoint', 'not', 'play']",9,4
93,Overwatch,Positive,Lets go!!! Overwatch and good vibes!!! Come hang and play Overwatch with me at twitch.tv/z3r0c0010079 ! Hope to see you there!,let go overwatch good vibe come hang play overwatch hope see,"['let', 'go', 'overwatch', 'good', 'vibe', 'come', 'hang', 'play', 'overwatch', 'hope', 'see']",28,11
94,RedDeadRedemption(RDR),Positive,"I'm a bit late but happy that this franchise has changed my life, but I absolutely have it and I adore it with all my heart and soul",bit late but happy franchise change life but absolutely adore heart soul,"['bit', 'late', 'but', 'happy', 'franchise', 'change', 'life', 'but', 'absolutely', 'adore', 'heart', 'soul']",29,12
95,AssassinsCreed,Negative,looks like even @IGN is reporting wrong as the German version of.. again.be/lr3AWo_xBCA,look like even report wrong german version lr awo xbca,"['look', 'like', 'even', 'report', 'wrong', 'german', 'version', 'lr', 'awo', 'xbca']",14,10
96,Battlefield,Positive,Welcome Guest Battlefield 1 hacker who knows that,welcome guest battlefield hacker know,"['welcome', 'guest', 'battlefield', 'hacker', 'know']",8,5
97,Google,Irrelevant,"google your name + horror + aesthetics.. I mean,, hot pic.twitter.com / P2ASNp5Jke",google name horror aesthetic mean hot,"['google', 'name', 'horror', 'aesthetic', 'mean', 'hot']",16,6
98,TomClancysGhostRecon,Positive,Loved this sniper section! This mission is so cool. I'm telling you!. Hey guys. Episode 14 is out and you have not watched it yet! So click on this link promptly. . . . youtu.be/ozt2X4AX20M. .,love sniper section mission cool tell hey guy episode not watch yet click link promptly youtu ozt ax,"['love', 'sniper', 'section', 'mission', 'cool', 'tell', 'hey', 'guy', 'episode', 'not', 'watch', 'yet', 'click', 'link', 'promptly', 'youtu', 'ozt', 'ax']",40,18
99,Cyberpunk2077,Negative,"Super misleading headline. Then course, as always, people jumping any conclusions as a result",super mislead headline course always people jump conclusion result,"['super', 'mislead', 'headline', 'course', 'always', 'people', 'jump', 'conclusion', 'result']",17,9
100,PlayStation5(PS5),Negative,why are guys so obsessed with a girl getting the PS5 for them? get it yourself bb.,guy obsess girl get ps get bb,"['guy', 'obsess', 'girl', 'get', 'ps', 'get', 'bb']",19,7
101,TomClancysRainbowSix,Negative,@Rainbow6Game . Pls fix your servers i was in a rank match and i got disconnected im already a copper 5 cause of shitty rank trollers and my mmr is going to be really low pls fix the servers thx,pls fix server rank match get disconnect already copper shitty rank troller mmr go really low pls fix server thanks,"['pls', 'fix', 'server', 'rank', 'match', 'get', 'disconnect', 'already', 'copper', 'shitty', 'rank', 'troller', 'mmr', 'go', 'really', 'low', 'pls', 'fix', 'server', 'thanks']",40,20
102,Overwatch,Negative,was at this fucking unit I’d need to lubricate his tight sockets,fuck unit would need lubricate tight socket,"['fuck', 'unit', 'would', 'need', 'lubricate', 'tight', 'socket']",14,7
103,PlayerUnknownsBattlegrounds(PUBG),Negative,pubg with taehyung... i hate that game,pubg taehyung hate game,"['pubg', 'taehyung', 'hate', 'game']",8,4
104,TomClancysGhostRecon,Positive,Couple of shots I took yesterday while playing with @TacStreamDE & @Semirijha & @AgtMorganCreed . Super fun as always :). .,couple shot take yesterday play super fun always,"['couple', 'shot', 'take', 'yesterday', 'play', 'super', 'fun', 'always']",21,8
105,Amazon,Negative,Walmart Just Gave Its Workers Another Good Reward to Cancel Their Amazon Prime Membership dlvr.it/Rf21jg<unk>],walmart give worker another good reward cancel amazon prime membership dlvr rf jg unk,"['walmart', 'give', 'worker', 'another', 'good', 'reward', 'cancel', 'amazon', 'prime', 'membership', 'dlvr', 'rf', 'jg', 'unk']",17,14
