id,text,row,entity,source_id,label,Comments
6,"Thank you so much to members who came out to @borderlands_sf Monday to witness @megelison and I talking about queer families, skillsharing, and fighting fascism through caring for our communities! what you great night.",0,Borderlands,2645,Positive,
7,Borderlands 3 - Jesse Krieg Music Meets Princess Maya ( performing Psycho Krieg solo and featuring the Fantastic Duo Fustercluck DLC ). youtube. com / channel watch? id v = o4JfCk ….,1,Borderlands,2473,Irrelevant#Neutral,
8,I'll believe it when I see it but every way I'm excited,2,CallOfDutyBlackopsColdWar,1771,Positive,
9,"Attacked again IBM, AMD releases RX 6000 dual accelerator cards: lower reviews tnewspro.com/2020/10/29/att...",3,Nvidia,8900,Irrelevant,
10,"Thanks to Verizon, you're too expensive not to work",4,Verizon,11897,Positive,
11,"Things that help with how all-caps anxious I feel right now: World of Warcraft. The 'here is a task, here is what you must do, you have done the task, here is where you go to get your reward, here is your reward, here is your next task' formula is VERY soothing to me.",5,WorldOfCraft,12422,Positive,
12,His Biggest Gold Grubber yet and best game with Reno Jackson for using his new updated zero cost Gold hero saving power,6,Hearthstone,5598,Neutral#Positive,
13,The latest WarCraft Press Daily! paper.li/WarCraftPress/… Thanks to @Shadesogrey,7,WorldOfCraft,12486,Positive,
14,i immediately play overwatch again (bad),8,Overwatch,9333,Negative,
15,Huge water leak. I wonder how Sony will react now to this?,9,PlayStation5(PS5),9988,Negative,
16,"Nerd Tweet: I'm really disappointed by @ PlayOverwatch, one of my favorite games I've played since day one. I feel that all they care about is sport. We finally have a new hero, cool, but another dps. 2 / 2 / 2 I can somehow come back. But let's switch open...",10,Overwatch,9454,Negative,
17,Will<unk> be screaming “ hello it’s Jon champion with co co commentator Jim “ as what dey fuck?,11,PlayStation5(PS5),9984,Neutral,
18,4 favorite games of all time. (thanks @317Slayer and @Drunk_Cookies!). . 1. Halo 2/3 can't pick. 2. Rocket League. 3. Kingdom Hearts 2. 4. Super Mario Bros All Stars (this was probably the first game I ever played). . @Demintele_Sway @DiscoSpider93 @Void_BWungus @LSTesports let’s see em!,12,Borderlands,2445,Positive,
19,I like you how some @NBA2K_2KTV act like nothing wrong with that @NBA2K just keep selling this wack info.,13,NBA2K,8631,Negative,
20,One of the strangest things Red Dead Redement 2 has taught me (offline and online) is that there were banks and garbage cans everywhere in the old West.,14,RedDeadRedemption(RDR),10481,Negative,
21,RT vikatan:'Walking in India is the worst! 2-Microsoft to,15,Microsoft,8208,Negative,
22,Red Dead Redemption. . store.playstation.com/,16,RedDeadRedemption(RDR),10613,Irrelevant,
23,"@ NBA2K can I ask an episode also I have bought almost 2 million worth of vc, this is how much I love this game",17,NBA2K,8552,Positive,
24,pause who the god uses microsoft word... what's the point for them...,18,Google,4462,Negative#Neutral,
25,The ban for Battlefield 4 911 _ kbbbbbbb.com player was due to DETAILS: bf4db.com / player / ban / 513...,19,Battlefield,1457,Irrelevant#Negative,
26,4 Favorite Game Soundtracks:.. Doom. Doom. Doom. Doom forever,20,Borderlands,2654,Positive,
27,niggas really out here tryna play me like I'm Call of Duty! I hate it here,21,CallOfDuty,2027,Negative,
28,Well... it was kind of puzzling.,22,AssassinsCreed,938,Neutral,
29,"oh fuck I just realized... if a League of Legends Champion gets into smash, there's a relatively high chance it's Yasuo. FUCK",23,LeagueOfLegends,7491,Positive,
30,Something went wrong.,24,TomClancysGhostRecon,10830,Neutral,
31,I'm live on Twitch - watch me on twitch.tv / osg _ shotz,25,Microsoft,8269,Irrelevant,
32,The Best Decent Bot •. sniper prize for La @NioxSnipingYT •...,26,CallOfDutyBlackopsColdWar,1636,Irrelevant,
33,I miss the hot dog stands at Home Depot,27,HomeDepot,5805,Neutral#Positive,
34,"Beautiful song. Powerful lyrics that more people should hear..  ""Furious Love"" by VERIDIA on Amazon Music. music.amazon.com/albums/B00IPBY…",28,Amazon,230,Positive,
35,Great way to bring exposure to young up and new coming artists,29,Fortnite,6630,Positive,
36,with I mean this is just insane . . . RhandlerR RhandlerR RhandlerR pic.twitter.com/30llzT6egr,30,MaddenNFL,7715,Irrelevant#Positive,
37,Congratulations to @Team__Spirit!... You are the.. Good coaching job. Yes Thank you again for playing!...,31,CS-GO,4107,Positive,
38,Why government banned pubg,32,PlayerUnknownsBattlegrounds(PUBG),10122,Neutral,
39,Hey @ verizonfios @ verizonSupport Why does my internet speed drop to 591 Mbit / s when I pay for 1Gig SIM card services?.. Testing is done via a wired connection with CAT8 SFTP 40GB cables.. speedtest.net / result / c / 1999d...,33,Verizon,11692,Neutral,
40,"bloody hell sounds so dumb, I’ve won 10 matches in a row with over 50 MVPS’s and reached 1,500 kills each game carrying my team. Like do I needed to build a new online CSGO account????",34,CS-GO,4054,Negative,
41,We really are Ghosts... Real and we don't exist.,35,TomClancysGhostRecon,10930,Irrelevant,
42,"Who is ready for microsoft to forcibly resurrect a nasty series with no plan or direction but to make money, and then force archaic spin to release it in 2 years?!!!???",36,Microsoft,8035,Negative,
43,csgo pls stop ranking me up games are getting harder huhu,37,CS-GO,4341,Positive,
44,"Google and Amazon were the biggest imitators of the brands used in phishing attacks in the June quarter, the report said.",38,Amazon,371,Negative,
45,The current state of the PUBG community regarding Loot Re-balance on Karakin... Personally I'm pretty happy with the changes and look forward to playing the card tonight! pic.twitter.com / eFc2HR1n8Y,39,PlayerUnknownsBattlegrounds(PUBG),10245,Positive,
46,and Exclusive to PlayStation? Oh fuck off. pic.twitter.com/1NwFtyVXeX,40,CallOfDutyBlackopsColdWar,1995,Negative,
47,@ArgosHelpers I do love how you took money from providing my PayPal for PS5 but because the order didn ’ t completely go through your high end management because they ran an out worth of stock the moment I paid?.,41,PlayStation5(PS5),9749,Negative,
48,Best pistol player in 2016:GO?..,42,CS-GO,4214,Irrelevant#Positive,
49,"Oh, yeah, although I always used to work mostly with these older guys. Second company from inside my portfolio to be acquired in the past for three months. Congrats, @SwiftStack team, on winning the acquisition!",43,Nvidia,9077,Positive,
50,"all hyped for cold war, campaign is something i cant wait let start! Who else is hyped!?",44,CallOfDutyBlackopsColdWar,1945,Positive,
51,"Not exactly. Free means the price is your data. During the early days of Avast and AVG, I used to say it was better than nothing. Now, I think nothing - and Microsoft Defender - is better than this bad firewall.",45,Microsoft,8173,Neutral,
52,Just tried @GhostRecon_UK for the first time in months and it's still a bug riddled mess. Seriously guy just abandon it and move on. It's dead now.,46,TomClancysGhostRecon,11003,Negative,
53,@ YoyaltyGaming I can't see them.,47,NBA2K,8407,Irrelevant,
54,Uh huh pic.facebook.com / bi5qYQfatb,48,Microsoft,8156,Irrelevant,
55,"than $500 on the AERO VA OLED - Award winning design, stunning 4K OLED panel, color in front edge of kitchen oven, with i7 core and Nvidia Core 4. This is a no work from home, create anywhere laptop! buff.ly/3kd6oRQ",49,Nvidia,9192,Irrelevant#Positive,
56,Congratulations guys finally PUBG UNBAN ho gye thnks @ZakaWaqar  thnks all pubg lover .,50,PlayerUnknownsBattlegrounds(PUBG),10188,Positive,
57,"A new game racing mode called "" Liferun "" will be added to Fortnite very effective soon! It will first ever be showcased at PAX South in a few extra days.... In this game mode you'll play here as only a Red Green Cross Society Worker with racing to always save the lives of characters in 4 different missions!. via ) @AdamGrenade im excited!",51,Fortnite,6575,Positive,
58,Microsoft falls after Microsoft forgot to issue a certificate: -))))))) theverge.com / 2020 / 2 / 3 / 21120...,52,Microsoft,8361,Negative,
59,"New Borderlands Ports on Switch are so good, 100% gave no complaints, definitely worth it, can’t wait to get Bioshock Collection soon.",53,Borderlands,2768,Positive,
60,I ’ m really bummed that @CyberpunkGame is only first person. 5 I think your 3rd person is always leading the move forward for successful side story games. The camera angles while playing just really seems so awkward and leave your game constantly struggling to enjoy the surrounding details. 4 This is going to hurt me their success,54,Cyberpunk2077,3619,Negative,
61,"Scump, Simp, Loony, Slacked",55,CallOfDutyBlackopsColdWar,1748,Irrelevant,
62,"It's take a while, but great to see the RTX real-time ray tracing technology lent out to even more mainstream games. The addition aboard @nvidia represents a big one.",56,Nvidia,8911,Positive,
63,@CallofDuty has gotten over 156GB. . . Absolutely pathetic.,57,CallOfDuty,2320,Negative,
64,"The new @ PlayHearthstone expansion looks like it will add some really fun cards, and the old gods were my favorite expansion.",58,Hearthstone,5513,Positive,
65,@saquon you peep with ball carrier vision? They hurt 🤦. ‍.,59,MaddenNFL,7981,Negative,
66,Found this perfect setting for Zeus,60,AssassinsCreed,879,Neutral#Positive,
67,. Is beautiful @GhostRecon..,61,TomClancysGhostRecon,10875,Irrelevant#Positive,
68,Happy Happy Monday!!! Tonight we will be streaming me Playing League Of Legends and learning characters through ARAM!! can’t hope will see you all!,62,LeagueOfLegends,7572,Positive,
69,"A second and a half not watching it, I finally beat Red Dead Redemption III, a wonderfully rich game that kills you with a fantastic storyline if you constantly fight with deliberate controls and molasses coated pace. Can’t wait to seriously play RDR1 now for the first time.<unk>]",63,RedDeadRedemption(RDR),10790,Positive,
70,20 Volunteers Suffer Negative Response to Johnson Gary Johnson’s... thevaccinereaction.org/2020/10/20-vol…,64,johnson&johnson,6805,Negative,
71,Come watch my buddy Vinny and I for some bad gameplay and even worse jokes! Rocket League! Call of Duty Warzone!  Streaming till 2AM maybe later! Come hang out :),65,CallOfDuty,2044,Positive,
72,Hi everyone. Just got a working account. I'm really tired driving facebook.,66,Facebook,3222,Negative,
73,Thanks to all that stopped by the stream tonight. Had a great time hanging with all y'all! It was fun. Thanks to @ReptarOnIce3000 for the follow and hope to see you guys tomorrow for some red dead redemption 2 shenanigans.. .,67,RedDeadRedemption(RDR),10603,Positive,
74,of the setting. Frank Lawrence is back. Feels like Black Ops 1 all over again. See the CCR & New Order soundtrack selections. Looks like the campaign<unk> going to mean DOpE!,68,CallOfDutyBlackopsColdWar,1672,Positive,
75,I've rarely been less proud (or grateful) to be part of the extended extended family.,69,Microsoft,8122,Negative,
76,Exit 2020 with a bang,70,johnson&johnson,6982,Positive,
77,It is not the first time that the EU Commission has taken such a step.,71,TomClancysRainbowSix,11518,Positive,
78,PlayStation 5 release date leaked dr.it / RgggBp,72,PlayStation5(PS5),9977,Neutral,
79,"""and so it this a symptom of something bigger rolling on? So is it a cause? So now's where everybody WHO's made a mistake, they think it's a cause.""<unk>.",73,Fortnite,6712,Neutral,
80,"I had an itch to draw Lunerian and Silgryn again, bc I miss them so much.. I may no longer play WoW, but Silgryn is still so dear to me.",74,WorldOfCraft,12535,Negative,
81,I have never heard of Jesus following the less fortunate. Those who are attacked by the state. There must be a new rebranding.,75,Google,4578,Negative,
82,I was lucky enough to have David Attenborough as a university lecturer. It's nice to see people coming together to teach children who don't go to school.,76,Facebook,3477,Positive,
83,"The prices to the new Minecraft emotes are ludicrous. Very destructive to industry and gaming in terms of reputation. This is no cash grab, and it will be cheaper. Way painfully expensive! Have you forgotten the reputational damage created by EA's loot buying scandals?! @mojang @jeb_",77,Microsoft,8158,Negative,
84,Ready for more crappy same game and more removed content and still locked behind the paywall,78,MaddenNFL,7995,Negative,
85,Can y'all niggas stop clinin bout women not buyin y'all the PS5. y'all sound just chillat,79,PlayStation5(PS5),9965,Negative,
86,"@ TAKEALOT. Don't you think it's unethical to sell a device that is no longer supported by the manufacturer? Windows Phone is dead, but you have it for sale, possibly jeopardizing user information. Microsoft Luxury 640 LTE 8GB Single Sim - Black.",80,Microsoft,8028,Negative,
87,I absolutely got the new,81,Xbox(Xseries),13137,Irrelevant,
88,Pokémon go to the polls...same gimmicks in the place of substantive issues and policy. Pathetic and embarrassing.,82,Fortnite,6573,Negative,
89,The new Microsoft Edge 2 is a beauty,83,Microsoft,8026,Positive,
90,I will support you in next election if,84,PlayerUnknownsBattlegrounds(PUBG),10318,Neutral,
91,Why twitter just make to put in my username to confirm my identity. bitch this ain’t google.,85,Google,4558,Negative,
92,"Well, it's disappointing... Won't play then.",86,Cyberpunk2077,3713,Negative,
93,Lets go!!! Overwatch and good vibes!!! Come hang and play Overwatch with me at twitch.tv/z3r0c0010079 ! Hope to see you there!,87,Overwatch,9578,Positive,
94,"I'm a bit late but happy that this franchise has changed my life, but I absolutely have it and I adore it with all my heart and soul",88,RedDeadRedemption(RDR),10424,Positive,
95,looks like even @IGN is reporting wrong as the German version of.. again.be/lr3AWo_xBCA,89,AssassinsCreed,1020,Negative,
96,Welcome Guest Battlefield 1 hacker who knows that,90,Battlefield,1281,Positive,
97,"google your name + horror + aesthetics.. I mean,, hot pic.twitter.com / P2ASNp5Jke",91,Google,4609,Irrelevant,
98,Loved this sniper section! This mission is so cool. I'm telling you!. Hey guys. Episode 14 is out and you have not watched it yet! So click on this link promptly. . . . youtu.be/ozt2X4AX20M. .,92,TomClancysGhostRecon,11084,Positive,
99,"Super misleading headline. Then course, as always, people jumping any conclusions as a result",93,Cyberpunk2077,3953,Negative,
100,why are guys so obsessed with a girl getting the PS5 for them? get it yourself bb.,94,PlayStation5(PS5),9688,Negative,
101,@Rainbow6Game . Pls fix your servers i was in a rank match and i got disconnected im already a copper 5 cause of shitty rank trollers and my mmr is going to be really low pls fix the servers thx,95,TomClancysRainbowSix,11564,Negative,
102,was at this fucking unit I’d need to lubricate his tight sockets,96,Overwatch,9360,Negative,
103,pubg with taehyung... i hate that game,97,PlayerUnknownsBattlegrounds(PUBG),10158,Negative,
104,Couple of shots I took yesterday while playing with @TacStreamDE & @Semirijha & @AgtMorganCreed . Super fun as always :). .,98,TomClancysGhostRecon,10823,Positive,
105,Walmart Just Gave Its Workers Another Good Reward to Cancel Their Amazon Prime Membership dlvr.it/Rf21jg<unk>],99,Amazon,183,Negative,
